site,date,value
1,2016-09-30,-0.4266919158616941
1,2016-10-01,-0.4339057791564634
1,2016-10-02,-0.44093557740705996
1,2016-10-03,-0.4473020081202675
1,2016-10-04,-0.4527605201430853
1,2016-10-05,-0.45719131555331566
1,2016-10-06,-0.4606751998166344
1,2016-10-07,-0.4634712564180655
1,2016-10-08,-0.46593926015968634
1,2016-10-09,-0.46819091516946765
1,2016-10-10,-0.4700911701212825
1,2016-10-11,-0.4713867899455316
1,2016-10-12,-0.4719193685965711
1,2016-10-13,-0.4718036487867978
1,2016-10-14,-0.4713225536275099
1,2016-10-15,-0.4706504807475777
1,2016-10-16,-0.4699133838280689
1,2016-10-17,-0.4690152514653828
1,2016-10-18,-0.46777133770872503
1,2016-10-19,-0.46618245525193563
1,2016-10-20,-0.4640985145279222
1,2016-10-21,-0.4614961706831935
1,2016-10-22,-0.4584104737700138
1,2016-10-23,-0.45493384522769703
1,2016-10-24,-0.45108195354916863
1,2016-10-25,-0.44680292048450054
1,2016-10-26,-0.4422382929529055
1,2016-10-27,-0.43722580669587413
1,2016-10-28,-0.43145286508489056
1,2016-10-29,-0.42489961825931827
1,2016-10-30,-0.4177495409431112
1,2016-10-31,-0.41029168382949505
1,2016-11-01,-0.4028232531509465
1,2016-11-02,-0.3955407154897696
1,2016-11-03,-0.38858725828981494
1,2016-11-04,-0.38174780267243236
1,2016-11-05,-0.37498296787069574
1,2016-11-06,-0.3683136149950051
1,2016-11-07,-0.3618012292025168
1,2016-11-08,-0.3557255038289684
1,2016-11-09,-0.35031226716823904
1,2016-11-10,-0.3456273094291148
1,2016-11-11,-0.3416809918557743
1,2016-11-12,-0.33848556410277736
1,2016-11-13,-0.33585614453697793
1,2016-11-14,-0.33373853311618
1,2016-11-15,-0.33212747967317846
1,2016-11-16,-0.3308380292840002
1,2016-11-17,-0.3297515640254296
1,2016-11-18,-0.3289473879293862
1,2016-11-19,-0.32849963467111537
1,2016-11-20,-0.328449786507158
1,2016-11-21,-0.32902027568331377
1,2016-11-22,-0.33013316390178987
1,2016-11-23,-0.33160089447426205
1,2016-11-24,-0.33356100694555585
1,2016-11-25,-0.3361756599609701
1,2016-11-26,-0.33945893610341515
1,2016-11-27,-0.3432998014525867
1,2016-11-28,-0.34729714206668244
1,2016-11-29,-0.3510426849299058
1,2016-11-30,-0.35446785910461187
1,2016-12-01,-0.3575071320978401
1,2016-12-02,-0.3602556833733413
1,2016-12-03,-0.3626528221311292
1,2016-12-04,-0.3646403729714492
1,2016-12-05,-0.36608044835909115
1,2016-12-06,-0.3668479441960489
1,2016-12-07,-0.3668607304048358
1,2016-12-08,-0.3661322881799934
1,2016-12-09,-0.36480222063443224
1,2016-12-10,-0.36301289504750456
1,2016-12-11,-0.3609443304294413
1,2016-12-12,-0.3587130417013277
1,2016-12-13,-0.3563976075580249
1,2016-12-14,-0.3540310082318081
1,2016-12-15,-0.3516864153476736
1,2016-12-16,-0.34940315900494096
1,2016-12-17,-0.3472477988362657
1,2016-12-18,-0.34518579788159914
1,2016-12-19,-0.34309687171077613
1,2016-12-20,-0.340949948217798
1,2016-12-21,-0.3388590396741823
1,2016-12-22,-0.3369392373403077
1,2016-12-23,-0.33524052223465695
1,2016-12-24,-0.3337464848569709
1,2016-12-25,-0.33251703802087196
1,2016-12-26,-0.3316120082476011
1,2016-12-27,-0.331080837395191
1,2016-12-28,-0.3309793606817842
1,2016-12-29,-0.3312322373230677
1,2016-12-30,-0.33173062636493655
1,2016-12-31,-0.33282231438869697
1,2017-01-01,-0.33349717933637835
1,2017-01-02,-0.3343965718593341
1,2017-01-03,-0.33550013451321375
1,2017-01-04,-0.33668498116318263
1,2017-01-05,-0.3376462242006414
1,2017-01-06,-0.3381738232606883
1,2017-01-07,-0.3382943968139441
1,2017-01-08,-0.338092866740539
1,2017-01-09,-0.33777918877001584
1,2017-01-10,-0.3374367353678673
1,2017-01-11,-0.33699491528743836
1,2017-01-12,-0.33649944471322935
1,2017-01-13,-0.3358694531387052
1,2017-01-14,-0.335160475344937
1,2017-01-15,-0.3344975335071638
1,2017-01-16,-0.33397804538787135
1,2017-01-17,-0.3337513739121589
1,2017-01-18,-0.3340618722154342
1,2017-01-19,-0.3351869869053766
1,2017-01-20,-0.33708049712539884
1,2017-01-21,-0.3396180369321348
1,2017-01-22,-0.3425703078944884
1,2017-01-23,-0.34561000199329256
1,2017-01-24,-0.3486725396763635
1,2017-01-25,-0.35187408808371196
1,2017-01-26,-0.35521456553851166
1,2017-01-27,-0.3587923273549499
1,2017-01-28,-0.36261447116926787
1,2017-01-29,-0.3667104672380239
1,2017-01-30,-0.37101199997480305
1,2017-01-31,-0.37536845327516055
1,2017-02-01,-0.3795790497051888
1,2017-02-02,-0.38352239347896844
1,2017-02-03,-0.3872013274070574
1,2017-02-04,-0.3906685798862154
1,2017-02-05,-0.3939859938004776
1,2017-02-06,-0.3972587780408859
1,2017-02-07,-0.4004176291527585
1,2017-02-08,-0.40340725507165737
1,2017-02-09,-0.4062364788331115
1,2017-02-10,-0.40886501800484876
1,2017-02-11,-0.41123256541341713
1,2017-02-12,-0.413255495141811
1,2017-02-13,-0.4148671598953746
1,2017-02-14,-0.4161158165431459
1,2017-02-15,-0.41714325220633103
1,2017-02-16,-0.4180032984022281
1,2017-02-17,-0.4186316696492019
1,2017-02-18,-0.41898406764935764
1,2017-02-19,-0.4190848158713908
1,2017-02-20,-0.418938596131984
1,2017-02-21,-0.41855716053209974
1,2017-02-22,-0.4180725710013241
1,2017-02-23,-0.4174471734373078
1,2017-02-24,-0.4167407601757527
1,2017-02-25,-0.41605611742790183
1,2017-02-26,-0.4153956414951347
1,2017-02-27,-0.41472489469200213
1,2017-02-28,-0.4139551417253697
1,2017-03-01,-0.41291498410551647
1,2017-03-02,-0.4116004214289418
1,2017-03-03,-0.41026894770405975
1,2017-03-04,-0.4090409098659885
1,2017-03-05,-0.4079188367758035
1,2017-03-06,-0.4070104074221734
1,2017-03-07,-0.40641349972842755
1,2017-03-08,-0.4060411468264018
1,2017-03-09,-0.4059017060690458
1,2017-03-10,-0.40586683514832694
1,2017-03-11,-0.4057348281635796
1,2017-03-12,-0.40549566421703837
1,2017-03-13,-0.4052886633159887
1,2017-03-14,-0.40529648453415384
1,2017-03-15,-0.40569801422609597
1,2017-03-16,-0.40663941458763464
1,2017-03-17,-0.40798871466042264
1,2017-03-18,-0.40943700397809146
1,2017-03-19,-0.4108266705652596
1,2017-03-20,-0.4120817994011112
1,2017-03-21,-0.4131830854117493
1,2017-03-22,-0.4140626549053162
1,2017-03-23,-0.41463468056653724
1,2017-03-24,-0.41503463012565944
1,2017-03-25,-0.4152783074745733
1,2017-03-26,-0.4152686627912821
1,2017-03-27,-0.41496296679221456
1,2017-03-28,-0.41437616545270695
1,2017-03-29,-0.4135175481443583
1,2017-03-30,-0.4123939951786067
1,2017-03-31,-0.4111377915946489
1,2017-04-01,-0.40985460312060434
1,2017-04-02,-0.4086060967325748
1,2017-04-03,-0.4075625075452166
1,2017-04-04,-0.4068128408347215
1,2017-04-05,-0.4062987390134825
1,2017-04-06,-0.40611531529315154
1,2017-04-07,-0.40628478734775925
1,2017-04-08,-0.40676645088556523
1,2017-04-09,-0.4074784813870109
1,2017-04-10,-0.4083926585146918
1,2017-04-11,-0.4095667099833318
1,2017-04-12,-0.4110574820743276
1,2017-04-13,-0.4128801886587229
1,2017-04-14,-0.4149802171064158
1,2017-04-15,-0.41724509531093285
1,2017-04-16,-0.4195811541955566
1,2017-04-17,-0.4219023210609682
1,2017-04-18,-0.4241458112901307
1,2017-04-19,-0.42623403424166645
1,2017-04-20,-0.4280738803709033
1,2017-04-21,-0.42953788805744764
1,2017-04-22,-0.43050830555783753
1,2017-04-23,-0.4308956607199663
1,2017-04-24,-0.43067647979409607
1,2017-04-25,-0.42978761940370763
1,2017-04-26,-0.4281895589341967
1,2017-04-27,-0.42583781161882084
1,2017-04-28,-0.4226902316855305
1,2017-04-29,-0.418818564922907
1,2017-04-30,-0.4143300381795136
1,2017-05-01,-0.4093101543740509
1,2017-05-02,-0.40387475667501965
1,2017-05-03,-0.39812442629201783
1,2017-05-04,-0.3922115057891662
1,2017-05-05,-0.3862642996329274
1,2017-05-06,-0.3805020765231967
1,2017-05-07,-0.3751641169245403
1,2017-05-08,-0.37033257337703734
1,2017-05-09,-0.3660560052384331
1,2017-05-10,-0.3623832971450085
1,2017-05-11,-0.3594098418607524
1,2017-05-12,-0.35708687495066654
1,2017-05-13,-0.35541665246473225
1,2017-05-14,-0.3543161270503081
1,2017-05-15,-0.35361352813545954
1,2017-05-16,-0.35329786358991006
1,2017-05-17,-0.35328557227062457
1,2017-05-18,-0.3535596175696223
1,2017-05-19,-0.3538446744944134
1,2017-05-20,-0.35407253557418766
1,2017-05-21,-0.3541670777690976
1,2017-05-22,-0.3539766847868131
1,2017-05-23,-0.3534016327674931
1,2017-05-24,-0.3522551315128405
1,2017-05-25,-0.3502845361905605
1,2017-05-26,-0.34718200725879106
1,2017-05-27,-0.34287453628170966
1,2017-05-28,-0.3372043653757603
1,2017-05-29,-0.32997823067654636
1,2017-05-30,-0.320923069163767
1,2017-05-31,-0.31014938427511546
1,2017-06-01,-0.2978297777259624
1,2017-06-02,-0.28439970627241795
1,2017-06-03,-0.2702707168293297
1,2017-06-04,-0.25572188047701905
1,2017-06-05,-0.24060434914698414
1,2017-06-06,-0.22480353403681572
1,2017-06-07,-0.20836396369381416
1,2017-06-08,-0.19074681334528507
1,2017-06-09,-0.17201340827087896
1,2017-06-10,-0.15243841288659213
1,2017-06-11,-0.13229264950176234
1,2017-06-12,-0.1122049026678286
1,2017-06-13,-0.09166275324008973
1,2017-06-14,-0.07093054839834266
1,2017-06-15,-0.049950350196827975
1,2017-06-16,-0.02927306978566947
1,2017-06-17,-0.008675271989278808
1,2017-06-18,0.011854876965483886
1,2017-06-19,0.032007464513058914
1,2017-06-20,0.051690530177573975
1,2017-06-21,0.070363251274632
1,2017-06-22,0.08824660526239682
1,2017-06-23,0.10544320318989515
1,2017-06-24,0.12176280161509793
1,2017-06-25,0.1368039744766249
1,2017-06-26,0.1498316397807321
1,2017-06-27,0.16171209147921287
1,2017-06-28,0.17355178812283847
1,2017-06-29,0.18581614082240486
1,2017-06-30,0.19858246282068584
1,2017-07-01,0.211805879329738
1,2017-07-02,0.22571439041565527
1,2017-07-03,0.24047946945545418
1,2017-07-04,0.2564227769353777
1,2017-07-05,0.2737299223330822
1,2017-07-06,0.2909228060131259
1,2017-07-07,0.3072893792243556
1,2017-07-08,0.32310568439026877
1,2017-07-09,0.33864328624383616
1,2017-07-10,0.3544747231928744
1,2017-07-11,0.3694994647592552
1,2017-07-12,0.38298191994614245
1,2017-07-13,0.39475175020089276
1,2017-07-14,0.4060501554847084
1,2017-07-15,0.4176451650349037
1,2017-07-16,0.42959264725707297
1,2017-07-17,0.44152952903298726
1,2017-07-18,0.45284976969865326
1,2017-07-19,0.46334121140717416
1,2017-07-20,0.4728793226052162
1,2017-07-21,0.4814459443263614
1,2017-07-22,0.48948093773737283
1,2017-07-23,0.49694895789974514
1,2017-07-24,0.5035158632681704
1,2017-07-25,0.50874824515468
1,2017-07-26,0.5129418576498762
1,2017-07-27,0.5161920979240812
1,2017-07-28,0.5183074310826649
1,2017-07-29,0.5195987007161519
1,2017-07-30,0.5200300469790528
1,2017-07-31,0.5195560360292871
1,2017-08-01,0.5181434166601019
1,2017-08-02,0.5157265071078988
1,2017-08-03,0.5124701612543364
1,2017-08-04,0.5086981946948973
1,2017-08-05,0.5044949330764308
1,2017-08-06,0.5003146204504622
1,2017-08-07,0.49643788152686724
1,2017-08-08,0.4928985707702148
1,2017-08-09,0.48982470070172773
1,2017-08-10,0.4873886930746213
1,2017-08-11,0.485408872340647
1,2017-08-12,0.4838542841134875
1,2017-08-13,0.48300721621871756
1,2017-08-14,0.48286173312744174
1,2017-08-15,0.4832940254756991
1,2017-08-16,0.4842613672886768
1,2017-08-17,0.4856007118239375
1,2017-08-18,0.48695711939210273
1,2017-08-19,0.48807136401290846
1,2017-08-20,0.4885257240670833
1,2017-08-21,0.48803319622010033
1,2017-08-22,0.4862019108752168
1,2017-08-23,0.48316233007308357
1,2017-08-24,0.4790572357347535
1,2017-08-25,0.4736710009725565
1,2017-08-26,0.4668586192951134
1,2017-08-27,0.45871623085081076
1,2017-08-28,0.4490321815707138
1,2017-08-29,0.4371717162014648
1,2017-08-30,0.4225335254392467
1,2017-08-31,0.40516853638260614
1,2017-09-01,0.3852077208774419
1,2017-09-02,0.3627915912939201
1,2017-09-03,0.3382354370603098
1,2017-09-04,0.31165561078390636
1,2017-09-05,0.2831079568580603
1,2017-09-06,0.2523160298294266
1,2017-09-07,0.21960029276074522
1,2017-09-08,0.18538895400357286
1,2017-09-09,0.14952332254457087
1,2017-09-10,0.11208473176362435
1,2017-09-11,0.07339683134367739
1,2017-09-12,0.03401325934481392
1,2017-09-13,-0.005584488263787051
1,2017-09-14,-0.045233197116697314
1,2017-09-15,-0.08440849138313737
1,2017-09-16,-0.12257781011170538
1,2017-09-17,-0.15922451285178565
1,2017-09-18,-0.19401970656930845
1,2017-09-19,-0.2265937908017775
1,2017-09-20,-0.25715322945865987
1,2017-09-21,-0.2860428758014288
1,2017-09-22,-0.3128798387111085
1,2017-09-23,-0.3379078468415432
1,2017-09-24,-0.36133753792203305
1,2017-09-25,-0.38312523072048543
1,2017-09-26,-0.4030368517375223
1,2017-09-27,-0.42094813720615637
1,2017-09-28,-0.4368974626100973
1,2017-09-29,-0.4507370431614587
1,2017-09-30,-0.46256106261711877
1,2017-10-01,-0.47257123561699527
1,2017-10-02,-0.4809442532109792
1,2017-10-03,-0.48773465382870973
1,2017-10-04,-0.49312816968658035
1,2017-10-05,-0.49713667213114504
1,2017-10-06,-0.5000556697423083
1,2017-10-07,-0.5016574797235347
1,2017-10-08,-0.5020515015405573
1,2017-10-09,-0.5014150757937045
1,2017-10-10,-0.49985094334662056
1,2017-10-11,-0.49757857669301403
1,2017-10-12,-0.4948450863772277
1,2017-10-13,-0.49151290711806217
1,2017-10-14,-0.487895899987863
1,2017-10-15,-0.4841919967967986
1,2017-10-16,-0.4805518414662273
1,2017-10-17,-0.4770003584855523
1,2017-10-18,-0.4732934769746495
1,2017-10-19,-0.4691997969455131
1,2017-10-20,-0.464802284289504
1,2017-10-21,-0.46019539235974294
1,2017-10-22,-0.45526579058756966
1,2017-10-23,-0.45008230569477387
1,2017-10-24,-0.44482303705293286
1,2017-10-25,-0.4394779694990449
1,2017-10-26,-0.4337885301070735
1,2017-10-27,-0.42792807479854433
1,2017-10-28,-0.42193099548858126
1,2017-10-29,-0.41575928671589596
1,2017-10-30,-0.40941022884146105
1,2017-10-31,-0.403020737508509
1,2017-11-01,-0.3966752702805376
1,2017-11-02,-0.3904169668247321
1,2017-11-03,-0.3843436991775519
1,2017-11-04,-0.37858468170742676
1,2017-11-05,-0.37326997997897626
1,2017-11-06,-0.36841332697418055
1,2017-11-07,-0.363969613197829
1,2017-11-08,-0.35997162624714124
1,2017-11-09,-0.35659387581098495
1,2017-11-10,-0.3538587366273437
1,2017-11-11,-0.3517204284344546
1,2017-11-12,-0.35014888536030836
1,2017-11-13,-0.3491146956009965
1,2017-11-14,-0.34845564571949605
1,2017-11-15,-0.34809325065465324
1,2017-11-16,-0.3479663381629085
1,2017-11-17,-0.3479305222256215
1,2017-11-18,-0.3479554610714314
1,2017-11-19,-0.3481556332711387
1,2017-11-20,-0.34854856856122496
1,2017-11-21,-0.3490356253936198
1,2017-11-22,-0.3495798838228783
1,2017-11-23,-0.3502129786787776
1,2017-11-24,-0.35100199523292075
1,2017-11-25,-0.3520829599702365
1,2017-11-26,-0.3533446787536951
1,2017-11-27,-0.35464150119234655
1,2017-11-28,-0.3558956791112279
1,2017-11-29,-0.35719165858480495
1,2017-11-30,-0.35870873635903583
1,2017-12-01,-0.3606295458479654
1,2017-12-02,-0.3629357650793838
1,2017-12-03,-0.36540963765871215
1,2017-12-04,-0.3678888057916857
1,2017-12-05,-0.3702046978889906
1,2017-12-06,-0.37221291490614483
1,2017-12-07,-0.37376433883234633
1,2017-12-08,-0.37470290442446164
1,2017-12-09,-0.3748962958278343
1,2017-12-10,-0.37453377509325553
1,2017-12-11,-0.37381203891277165
1,2017-12-12,-0.37284274769056225
1,2017-12-13,-0.37157736521643764
1,2017-12-14,-0.369972831896246
1,2017-12-15,-0.3678460036849468
1,2017-12-16,-0.3651468257056136
1,2017-12-17,-0.3619886492805453
1,2017-12-18,-0.35852459373452183
1,2017-12-19,-0.35493473936211684
1,2017-12-20,-0.3513697227107427
1,2017-12-21,-0.3479356459105206
1,2017-12-22,-0.3447581892364629
1,2017-12-23,-0.3419609449976492
1,2017-12-24,-0.3394971267662998
1,2017-12-25,-0.33732162180353287
1,2017-12-26,-0.335418711162815
1,2017-12-27,-0.3337434175535954
1,2017-12-28,-0.3322132956139506
1,2017-12-29,-0.3308488226844585
1,2017-12-30,-0.32968245708062394
1,2017-12-31,-0.32866869505916585
1,2018-01-01,-0.32781950034903384
1,2018-01-02,-0.32721730092076273
1,2018-01-03,-0.3268708698838116
1,2018-01-04,-0.32671770765903185
1,2018-01-05,-0.3267928798292254
1,2018-01-06,-0.32718406911021747
1,2018-01-07,-0.32795708294295467
1,2018-01-08,-0.32910157385318106
1,2018-01-09,-0.33064915391247374
1,2018-01-10,-0.3327019276351921
1,2018-01-11,-0.33516688400778133
1,2018-01-12,-0.3379230435436435
1,2018-01-13,-0.3409240088076948
1,2018-01-14,-0.3442683015190882
1,2018-01-15,-0.3479102429767876
1,2018-01-16,-0.3516724591427754
1,2018-01-17,-0.35542470176562196
1,2018-01-18,-0.35909404270245865
1,2018-01-19,-0.3626889869296363
1,2018-01-20,-0.36615207627710433
1,2018-01-21,-0.36933605837772443
1,2018-01-22,-0.37212762983681436
1,2018-01-23,-0.3744898087197694
1,2018-01-24,-0.37647703530506144
1,2018-01-25,-0.3782725929686699
1,2018-01-26,-0.38012208610532494
1,2018-01-27,-0.38212751198295014
1,2018-01-28,-0.3841511936881502
1,2018-01-29,-0.3861797448390173
1,2018-01-30,-0.3880595674598219
1,2018-01-31,-0.38983489521882053
1,2018-02-01,-0.3915309953444951
1,2018-02-02,-0.3930519601916871
1,2018-02-03,-0.3943381673576709
1,2018-02-04,-0.39554455653400367
1,2018-02-05,-0.3968922832953911
1,2018-02-06,-0.3983393469067009
1,2018-02-07,-0.399808284244499
1,2018-02-08,-0.4012953799428873
1,2018-02-09,-0.4027987839450319
1,2018-02-10,-0.4043071275994131
1,2018-02-11,-0.40580489556617483
1,2018-02-12,-0.4071417716675403
1,2018-02-13,-0.40835053627170337
1,2018-02-14,-0.4093948623693015
1,2018-02-15,-0.4102097899961165
1,2018-02-16,-0.4105912682822672
1,2018-02-17,-0.41034572309365197
1,2018-02-18,-0.40939354258538646
1,2018-02-19,-0.40774935114613814
1,2018-02-20,-0.4055136501276012
1,2018-02-21,-0.40276311454217995
1,2018-02-22,-0.39950340804201856
1,2018-02-23,-0.3957894055842514
1,2018-02-24,-0.3917748847966159
1,2018-02-25,-0.38753566800951106
1,2018-02-26,-0.3833765506590981
1,2018-02-27,-0.3794647010069868
1,2018-02-28,-0.37585200241491573
1,2018-03-01,-0.37262434023284263
1,2018-03-02,-0.37006516162808833
1,2018-03-03,-0.3682797885103219
1,2018-03-04,-0.3673075854008731
1,2018-03-05,-0.36717110717546836
1,2018-03-06,-0.3678417809506749
1,2018-03-07,-0.3691720753625462
1,2018-03-08,-0.3709863167839739
1,2018-03-09,-0.3731601814317406
1,2018-03-10,-0.37570126072866195
1,2018-03-11,-0.3786578137532339
1,2018-03-12,-0.3818889424478879
1,2018-03-13,-0.38534191762281234
1,2018-03-14,-0.38885382931897605
1,2018-03-15,-0.3920725249598972
1,2018-03-16,-0.39491222703967194
1,2018-03-17,-0.3974242189330517
1,2018-03-18,-0.3996199594102414
1,2018-03-19,-0.4013908795677995
1,2018-03-20,-0.40266522827761764
1,2018-03-21,-0.40337615563435225
1,2018-03-22,-0.4035518735480452
1,2018-03-23,-0.40334439487839835
1,2018-03-24,-0.40284973959000114
1,2018-03-25,-0.4020003623974969
1,2018-03-26,-0.40082162552499667
1,2018-03-27,-0.3993161501790379
1,2018-03-28,-0.39753849998531166
1,2018-03-29,-0.39558520727927715
1,2018-03-30,-0.3934666874134727
1,2018-03-31,-0.3912907545658158
1,2018-04-01,-0.3892679214074535
1,2018-04-02,-0.3875480310501581
1,2018-04-03,-0.3862070891537641
1,2018-04-04,-0.38531386860076305
1,2018-04-05,-0.3848359307181803
1,2018-04-06,-0.38463655003375274
1,2018-04-07,-0.38466336541096813
1,2018-04-08,-0.38499321397463715
1,2018-04-09,-0.38566127799078714
1,2018-04-10,-0.38683875952227875
1,2018-04-11,-0.38849698865290183
1,2018-04-12,-0.3905338756192524
1,2018-04-13,-0.39300207159283373
1,2018-04-14,-0.3959835870002393
1,2018-04-15,-0.3993511077173702
1,2018-04-16,-0.4028327808892076
1,2018-04-17,-0.40638624417347446
1,2018-04-18,-0.4099615549154006
1,2018-04-19,-0.4134076748160015
1,2018-04-20,-0.41662656319149133
1,2018-04-21,-0.4195122055626835
1,2018-04-22,-0.42197792014180274
1,2018-04-23,-0.4239470921558756
1,2018-04-24,-0.42527854199911574
1,2018-04-25,-0.4258972377792823
1,2018-04-26,-0.42570761281410474
1,2018-04-27,-0.4247628011211049
1,2018-04-28,-0.4231787961846377
1,2018-04-29,-0.42103067706912506
1,2018-04-30,-0.4183290514336045
1,2018-05-01,-0.4151289890756065
1,2018-05-02,-0.41160466838666154
1,2018-05-03,-0.4079046236570776
1,2018-05-04,-0.40410216170161894
1,2018-05-05,-0.40030076547427657
1,2018-05-06,-0.3965787437822664
1,2018-05-07,-0.3930140312543678
1,2018-05-08,-0.3895620808705295
1,2018-05-09,-0.38624608790552806
1,2018-05-10,-0.38315893754120556
1,2018-05-11,-0.3803843014899049
1,2018-05-12,-0.37792219829654616
1,2018-05-13,-0.3757986249308304
1,2018-05-14,-0.3741190303730569
1,2018-05-15,-0.3728397636153187
1,2018-05-16,-0.37191743819509143
1,2018-05-17,-0.37134963678488836
1,2018-05-18,-0.37086973375237353
1,2018-05-19,-0.3705347705907165
1,2018-05-20,-0.37017048221490534
1,2018-05-21,-0.3695872980458642
1,2018-05-22,-0.3685442137815757
1,2018-05-23,-0.36688016655740185
1,2018-05-24,-0.36450072126254013
1,2018-05-25,-0.36107490795702935
1,2018-05-26,-0.35611026497602205
1,2018-05-27,-0.34938641991808855
1,2018-05-28,-0.3407779437971942
1,2018-05-29,-0.33017151352907287
1,2018-05-30,-0.3176512054846931
1,2018-05-31,-0.30338419910214925
1,2018-06-01,-0.28768396747274944
1,2018-06-02,-0.2705870192548772
1,2018-06-03,-0.25201550155568503
1,2018-06-04,-0.2318904991059616
1,2018-06-05,-0.2103214633493561
1,2018-06-06,-0.18746488379782203
1,2018-06-07,-0.16349791866680496
1,2018-06-08,-0.13804832007806142
1,2018-06-09,-0.11077796825159443
1,2018-06-10,-0.08177340652447786
1,2018-06-11,-0.05123444455551757
1,2018-06-12,-0.01950992524168997
1,2018-06-13,0.013566342378212068
1,2018-06-14,0.04771390969351047
1,2018-06-15,0.0816981461272863
1,2018-06-16,0.11502997520355383
1,2018-06-17,0.14746306803524747
1,2018-06-18,0.1788039454591519
1,2018-06-19,0.20833638655165246
1,2018-06-20,0.23569616587127118
1,2018-06-21,0.2610421981463122
1,2018-06-22,0.2848117851111432
1,2018-06-23,0.30692149434939703
1,2018-06-24,0.3270911867284395
1,2018-06-25,0.34544602264408075
1,2018-06-26,0.3622622496397737
1,2018-06-27,0.3771739804705251
1,2018-06-28,0.39030242568374757
1,2018-06-29,0.4024060830333922
1,2018-06-30,0.4133956876474559
1,2018-07-01,0.423174345370547
1,2018-07-02,0.4316415577389774
1,2018-07-03,0.43864073027948425
1,2018-07-04,0.4445741444238349
1,2018-07-05,0.4503611558989312
1,2018-07-06,0.45496405081322844
1,2018-07-07,0.4585329656237065
1,2018-07-08,0.46127576982210194
1,2018-07-09,0.46359472493429443
1,2018-07-10,0.465276051785423
1,2018-07-11,0.466964554509823
1,2018-07-12,0.46931001344241935
1,2018-07-13,0.4718303594455908
1,2018-07-14,0.4743127196486165
1,2018-07-15,0.4766249649043036
1,2018-07-16,0.47860636425157094
1,2018-07-17,0.4808281912707807
1,2018-07-18,0.48357817532238884
1,2018-07-19,0.4868322127193539
1,2018-07-20,0.49026495858084923
1,2018-07-21,0.49413074062797047
1,2018-07-22,0.49776790118478714
1,2018-07-23,0.5006049383804347
1,2018-07-24,0.5027341650652605
1,2018-07-25,0.504057002602229
1,2018-07-26,0.5041597514765859
1,2018-07-27,0.502709743904127
1,2018-07-28,0.5000972383751714
1,2018-07-29,0.4964342095748061
1,2018-07-30,0.49192516454522134
1,2018-07-31,0.48711667438263534
1,2018-08-01,0.4822745558905836
1,2018-08-02,0.47724437702509076
1,2018-08-03,0.47222692867731053
1,2018-08-04,0.467127607489778
1,2018-08-05,0.4620981236962134
1,2018-08-06,0.45719245546156984
1,2018-08-07,0.45235520734507767
1,2018-08-08,0.4477433619205325
1,2018-08-09,0.44353334240547715
1,2018-08-10,0.4399972763339865
1,2018-08-11,0.4372114595295317
1,2018-08-12,0.43502083090258586
1,2018-08-13,0.43377090090257003
1,2018-08-14,0.4328728859132797
1,2018-08-15,0.43200938661051436
1,2018-08-16,0.431370586987257
1,2018-08-17,0.4307583815254385
1,2018-08-18,0.42923437592444835
1,2018-08-19,0.42653745783381225
1,2018-08-20,0.42239076929794406
1,2018-08-21,0.41676677663847767
1,2018-08-22,0.40972729992177864
1,2018-08-23,0.4012256999648435
1,2018-08-24,0.3912865593814497
1,2018-08-25,0.37974815190112376
1,2018-08-26,0.3666346978708217
1,2018-08-27,0.3516141112360746
1,2018-08-28,0.3351368380757998
1,2018-08-29,0.31724363834394653
1,2018-08-30,0.29769421499039966
1,2018-08-31,0.2762676114258793
1,2018-09-01,0.25285119765223635
1,2018-09-02,0.22733541558693032
1,2018-09-03,0.19981417557996503
1,2018-09-04,0.17043077299852744
1,2018-09-05,0.13909612881173947
1,2018-09-06,0.10603862954338684
1,2018-09-07,0.07166357576140889
1,2018-09-08,0.036381733060413646
1,2018-09-09,4.245141068953076e-4
1,2018-09-10,-0.03592835945284827
1,2018-09-11,-0.07200163623203525
1,2018-09-12,-0.10779320913089407
1,2018-09-13,-0.14372780966651277
1,2018-09-14,-0.17941642206994046
1,2018-09-15,-0.21408354433798746
1,2018-09-16,-0.2471851677917519
1,2018-09-17,-0.27855018076435445
1,2018-09-18,-0.3076645591778906
1,2018-09-19,-0.3343332490028973
1,2018-09-20,-0.3585422250714099
1,2018-09-21,-0.38036626683703567
1,2018-09-22,-0.3997152486363935
1,2018-09-23,-0.4163989409221985
1,2018-09-24,-0.4306984252765361
1,2018-09-25,-0.44370209920853115
1,2018-09-26,-0.45559492590466905
1,2018-09-27,-0.4664775485166465
1,2018-09-28,-0.47610204984974985
1,2018-09-29,-0.4841218545360042
1,2018-09-30,-0.49037284619282695
1,2018-10-01,-0.4948896237449495
1,2018-10-02,-0.4977019139080615
1,2018-10-03,-0.49896090868175924
1,2018-10-04,-0.49920667489275933
1,2018-10-05,-0.498661744416838
1,2018-10-06,-0.49763825845868853
1,2018-10-07,-0.4963915166423259
1,2018-10-08,-0.49501602001398753
1,2018-10-09,-0.493510612597901
1,2018-10-10,-0.49185906789955347
1,2018-10-11,-0.48994054566114487
1,2018-10-12,-0.48796120438549656
1,2018-10-13,-0.48610313593047516
1,2018-10-14,-0.48448946675541243
1,2018-10-15,-0.4831282242761987
1,2018-10-16,-0.48196459886608983
1,2018-10-17,-0.48087635105215376
1,2018-10-18,-0.4796294668920307
1,2018-10-19,-0.47814028901277367
1,2018-10-20,-0.4763127863756724
1,2018-10-21,-0.47417549919385776
1,2018-10-22,-0.4716349239501497
1,2018-10-23,-0.46859201474101136
1,2018-10-24,-0.4648862408340976
1,2018-10-25,-0.4605504479553442
1,2018-10-26,-0.4556753657264063
1,2018-10-27,-0.45031518954992544
1,2018-10-28,-0.4445745304266594
1,2018-10-29,-0.4385312657147184
1,2018-10-30,-0.43229785721624675
1,2018-10-31,-0.42585214217407136
1,2018-11-01,-0.4191267019509086
1,2018-11-02,-0.4122223558290311
1,2018-11-03,-0.4051652484848089
1,2018-11-04,-0.39795392383862144
1,2018-11-05,-0.39074166383895087
1,2018-11-06,-0.38370289616272557
1,2018-11-07,-0.3770075132541357
1,2018-11-08,-0.3707737512619603
1,2018-11-09,-0.36484677711758073
1,2018-11-10,-0.3590921284407865
1,2018-11-11,-0.3535035492037528
1,2018-11-12,-0.3481524860465738
1,2018-11-13,-0.34312524656137283
1,2018-11-14,-0.3385107348471331
1,2018-11-15,-0.3345514866058153
1,2018-11-16,-0.3311850445077983
1,2018-11-17,-0.3284216150484789
1,2018-11-18,-0.3262245829653867
1,2018-11-19,-0.32463598306341473
1,2018-11-20,-0.3237213792574502
1,2018-11-21,-0.32352423607183906
1,2018-11-22,-0.3240823523020557
1,2018-11-23,-0.32549236164421486
1,2018-11-24,-0.3277741087811269
1,2018-11-25,-0.33060781907726994
1,2018-11-26,-0.33367870659015414
1,2018-11-27,-0.3368109920086383
1,2018-11-28,-0.34007786993405237
1,2018-11-29,-0.3433213026684057
1,2018-11-30,-0.3464702959139749
1,2018-12-01,-0.34959980930922396
1,2018-12-02,-0.3527750787702031
1,2018-12-03,-0.3558808468144878
1,2018-12-04,-0.35873312569488575
1,2018-12-05,-0.36117237674710445
1,2018-12-06,-0.36292632845890244
1,2018-12-07,-0.3639108068322667
1,2018-12-08,-0.3641657024532215
1,2018-12-09,-0.3639980245949303
1,2018-12-10,-0.3636408768129118
1,2018-12-11,-0.36319106191639455
1,2018-12-12,-0.362543862458541
1,2018-12-13,-0.36166501449402527
1,2018-12-14,-0.3606448278021069
1,2018-12-15,-0.3594494546489425
1,2018-12-16,-0.3580269342857615
1,2018-12-17,-0.3563754298827376
1,2018-12-18,-0.3545441987841304
1,2018-12-19,-0.3526115141098078
1,2018-12-20,-0.35070934609014187
1,2018-12-21,-0.3489898726199507
1,2018-12-22,-0.3474880731416151
1,2018-12-23,-0.346132935985008
1,2018-12-24,-0.34492026642473284
1,2018-12-25,-0.3438280272292101
1,2018-12-26,-0.3428356231238866
1,2018-12-27,-0.34195054223910093
1,2018-12-28,-0.34117933889481217
1,2018-12-29,-0.34041757908947073
1,2018-12-30,-0.33970453761577096
1,2018-12-31,-0.33908212045970143
1,2019-01-01,-0.3385682692514645
1,2019-01-02,-0.3381430620434756
1,2019-01-03,-0.3377977317163118
1,2019-01-04,-0.33742963086004635
1,2019-01-05,-0.33705278341397754
1,2019-01-06,-0.3367845564852763
1,2019-01-07,-0.3366654849602319
1,2019-01-08,-0.33676054698931285
1,2019-01-09,-0.3371128133014194
1,2019-01-10,-0.3376538785019638
1,2019-01-11,-0.3383733347012882
1,2019-01-12,-0.3393998445750547
1,2019-01-13,-0.340733281508669
1,2019-01-14,-0.34224472243427106
1,2019-01-15,-0.34390073372390384
1,2019-01-16,-0.3457808887444342
1,2019-01-17,-0.34794209495940487
1,2019-01-18,-0.35025604047588593
1,2019-01-19,-0.3525827590255044
1,2019-01-20,-0.35493754730677846
1,2019-01-21,-0.3573213570833596
1,2019-01-22,-0.35972697799654507
1,2019-01-23,-0.36220798664135107
1,2019-01-24,-0.3648728269164799
1,2019-01-25,-0.36768580611897667
1,2019-01-26,-0.3705552707282818
1,2019-01-27,-0.373521178585115
1,2019-01-28,-0.3766854930274969
1,2019-01-29,-0.37994928345182755
1,2019-01-30,-0.3831708223748846
1,2019-01-31,-0.386236577833796
1,2019-02-01,-0.3892117056464553
1,2019-02-02,-0.39209216857029394
1,2019-02-03,-0.39482630897318277
1,2019-02-04,-0.39746668957787645
1,2019-02-05,-0.40003112857359185
1,2019-02-06,-0.4024698036515737
1,2019-02-07,-0.4047159563929214
1,2019-02-08,-0.4067541310074223
1,2019-02-09,-0.40847977902089444
1,2019-02-10,-0.40970418526626445
1,2019-02-11,-0.41032522959574985
1,2019-02-12,-0.41048422741400975
1,2019-02-13,-0.41026318666749595
1,2019-02-14,-0.40971968095367256
1,2019-02-15,-0.4089495161144198
1,2019-02-16,-0.4080604938041034
1,2019-02-17,-0.40703106297040254
1,2019-02-18,-0.40572175821810647
1,2019-02-19,-0.40391412538105675
1,2019-02-20,-0.40151339346570897
1,2019-02-21,-0.398657043401864
1,2019-02-22,-0.39551223714796596
1,2019-02-23,-0.39214264576703806
1,2019-02-24,-0.38862703177865227
1,2019-02-25,-0.3851410638763896
1,2019-02-26,-0.38177785112092444
1,2019-02-27,-0.3785719665809048
1,2019-02-28,-0.3755052437801686
1,2019-03-01,-0.3725284732674867
1,2019-03-02,-0.3695387376257232
1,2019-03-03,-0.36647509357151464
1,2019-03-04,-0.3635275744791213
1,2019-03-05,-0.361038333878626
1,2019-03-06,-0.35916019153535256
1,2019-03-07,-0.3579763913491306
1,2019-03-08,-0.35757888246018377
1,2019-03-09,-0.3580518286400204
1,2019-03-10,-0.3592437265812401
1,2019-03-11,-0.36079880853086665
1,2019-03-12,-0.36244362224359905
1,2019-03-13,-0.364132102370244
1,2019-03-14,-0.36605324619463264
1,2019-03-15,-0.36820263518470747
1,2019-03-16,-0.3704913912584747
1,2019-03-17,-0.37283329188001935
1,2019-03-18,-0.37499219015896706
1,2019-03-19,-0.37688391598998044
1,2019-03-20,-0.37863118721082617
1,2019-03-21,-0.3802888789165781
1,2019-03-22,-0.3818104214224506
1,2019-03-23,-0.3830918099059055
1,2019-03-24,-0.3841643093146942
1,2019-03-25,-0.38508898968163935
1,2019-03-26,-0.3858432107997078
1,2019-03-27,-0.3864337875283392
1,2019-03-28,-0.38684633303661337
1,2019-03-29,-0.3870950940027882
1,2019-03-30,-0.3871162859887729
1,2019-03-31,-0.38687857910149864
1,2019-04-01,-0.38650741974978986
1,2019-04-02,-0.38608765450159294
1,2019-04-03,-0.38561814380324605
1,2019-04-04,-0.385169534853046
1,2019-04-05,-0.384906242880161
1,2019-04-06,-0.38488643021899566
1,2019-04-07,-0.38502865294902067
1,2019-04-08,-0.38535981458400687
1,2019-04-09,-0.3860141300263573
1,2019-04-10,-0.3870730460330886
1,2019-04-11,-0.3886228844162691
1,2019-04-12,-0.3906761034536308
1,2019-04-13,-0.39316554244974167
1,2019-04-14,-0.3959409089508754
1,2019-04-15,-0.39877951356934593
1,2019-04-16,-0.40155463429934757
1,2019-04-17,-0.40426152652537495
1,2019-04-18,-0.4068977546119738
1,2019-04-19,-0.4094060148098758
1,2019-04-20,-0.4117910242578203
1,2019-04-21,-0.4140215520624422
1,2019-04-22,-0.41593241157150534
1,2019-04-23,-0.4173286937224598
1,2019-04-24,-0.41813097904982677
1,2019-04-25,-0.41829437835981054
1,2019-04-26,-0.41776054293074383
1,2019-04-27,-0.4165285532675367
1,2019-04-28,-0.41478003747922304
1,2019-04-29,-0.4125786785802202
1,2019-04-30,-0.40997011605592865
1,2019-05-01,-0.40701022853281615
1,2019-05-02,-0.40369206185270623
1,2019-05-03,-0.40007272177783576
1,2019-05-04,-0.396315366686002
1,2019-05-05,-0.3925902672113765
1,2019-05-06,-0.38897162427978094
1,2019-05-07,-0.3854620822547193
1,2019-05-08,-0.38209277076247466
1,2019-05-09,-0.37888531067055686
1,2019-05-10,-0.37583750912527314
1,2019-05-11,-0.373006061034917
1,2019-05-12,-0.3705185980526215
1,2019-05-13,-0.3685124517514892
1,2019-05-14,-0.3670713880465604
1,2019-05-15,-0.3661347615919663
1,2019-05-16,-0.3654309341364475
1,2019-05-17,-0.3648384718630417
1,2019-05-18,-0.3642592080437964
1,2019-05-19,-0.3636874162143305
1,2019-05-20,-0.36313519609606343
1,2019-05-21,-0.36224848693426376
1,2019-05-22,-0.3607970555281168
1,2019-05-23,-0.35857924535467767
1,2019-05-24,-0.35541060477828496
1,2019-05-25,-0.3512029124771663
1,2019-05-26,-0.3459653959245103
1,2019-05-27,-0.33964970392858107
1,2019-05-28,-0.33193932115004593
1,2019-05-29,-0.32256614660798283
1,2019-05-30,-0.31152165620613465
1,2019-05-31,-0.2988201107024373
1,2019-06-01,-0.28442400753902325
1,2019-06-02,-0.2680963419218729
1,2019-06-03,-0.25000669096991657
1,2019-06-04,-0.23055288794453052
1,2019-06-05,-0.20969566818985413
1,2019-06-06,-0.18731292793982154
1,2019-06-07,-0.16339071985709622
1,2019-06-08,-0.137915651009391
1,2019-06-09,-0.11075833860517087
1,2019-06-10,-0.08210049693681454
1,2019-06-11,-0.05219023955320516
1,2019-06-12,-0.021293980867545442
1,2019-06-13,0.009602612069134925
1,2019-06-14,0.0405298397330372
1,2019-06-15,0.07175501436610948
1,2019-06-16,0.10310355164549596
1,2019-06-17,0.13462392030907822
1,2019-06-18,0.16565695152636303
1,2019-06-19,0.19591308544588476
1,2019-06-20,0.22518086119713757
1,2019-06-21,0.25347931001947116
1,2019-06-22,0.2806469899009988
1,2019-06-23,0.3072227199231327
1,2019-06-24,0.33260645129429695
1,2019-06-25,0.3566315231661752
1,2019-06-26,0.3790202532185932
1,2019-06-27,0.39931013787673864
1,2019-06-28,0.4174131454153027
1,2019-06-29,0.433516873869113
1,2019-06-30,0.4485196923674688
1,2019-07-01,0.4622553901301743
1,2019-07-02,0.4745564232788989
1,2019-07-03,0.48485912299800626
1,2019-07-04,0.4925149954689905
1,2019-07-05,0.49710920914647005
1,2019-07-06,0.4998457149370173
1,2019-07-07,0.5031132670636983
1,2019-07-08,0.5075433171294675
1,2019-07-09,0.5128170681231466
1,2019-07-10,0.5185942944963364
1,2019-07-11,0.5244754501564464
1,2019-07-12,0.5300579091278005
1,2019-07-13,0.5348836770952101
1,2019-07-14,0.5386173700987211
1,2019-07-15,0.5419658864997046
1,2019-07-16,0.5458838019188289
1,2019-07-17,0.5505441258263277
1,2019-07-18,0.5555861311854242
1,2019-07-19,0.5611012416390506
1,2019-07-20,0.5666615804340651
1,2019-07-21,0.5703185313307209
1,2019-07-22,0.5724625804323817
1,2019-07-23,0.5729345431458055
1,2019-07-24,0.5717346987136259
1,2019-07-25,0.569063032849753
1,2019-07-26,0.564971864028941
1,2019-07-27,0.559745585258461
1,2019-07-28,0.5535546865385605
1,2019-07-29,0.5465086163881143
1,2019-07-30,0.5385455426317396
1,2019-07-31,0.5296521115112198
1,2019-08-01,0.5199445140129116
1,2019-08-02,0.5095472730345442
1,2019-08-03,0.49888850040864885
1,2019-08-04,0.48832170903486033
1,2019-08-05,0.4778315004131808
1,2019-08-06,0.46761695266027414
1,2019-08-07,0.45840005251034044
1,2019-08-08,0.45014952873851716
1,2019-08-09,0.4427980188033107
1,2019-08-10,0.43610676409013843
1,2019-08-11,0.4299903067797137
1,2019-08-12,0.4244001430091797
1,2019-08-13,0.4194243363447913
1,2019-08-14,0.4150737284037364
1,2019-08-15,0.41132092790226754
1,2019-08-16,0.40786828166292816
1,2019-08-17,0.40457379220909234
1,2019-08-18,0.40148228147827436
1,2019-08-19,0.39863522908892324
1,2019-08-20,0.3959851713752594
1,2019-08-21,0.39235083177405017
1,2019-08-22,0.3878249598770733
1,2019-08-23,0.38253796230249093
1,2019-08-24,0.3763591320983465
1,2019-08-25,0.3690909736779127
1,2019-08-26,0.3603551714980378
1,2019-08-27,0.34985551869056497
1,2019-08-28,0.33737425943174154
1,2019-08-29,0.3223851884255642
1,2019-08-30,0.30461097454122504
1,2019-08-31,0.2839227981648143
1,2019-09-01,0.26039232318628586
1,2019-09-02,0.23440997528762803
1,2019-09-03,0.20594980146236744
1,2019-09-04,0.17550654789785056
1,2019-09-05,0.14343847922055364
1,2019-09-06,0.1099229301421094
1,2019-09-07,0.07539100199086796
1,2019-09-08,0.040216844946413415
1,2019-09-09,0.004561254578442598
1,2019-09-10,-0.03189413126438427
1,2019-09-11,-0.06898993937605363
1,2019-09-12,-0.10599956834007657
1,2019-09-13,-0.14229251930903306
1,2019-09-14,-0.1779330078166457
1,2019-09-15,-0.21306675552329346
1,2019-09-16,-0.2476362784423354
1,2019-09-17,-0.2812293739867445
1,2019-09-18,-0.3130348812621079
1,2019-09-19,-0.3428764224135728
1,2019-09-20,-0.3706088314726655
1,2019-09-21,-0.39609558496583036
1,2019-09-22,-0.41923002213009
1,2019-09-23,-0.43993368318613413
1,2019-09-24,-0.45850367141669895
1,2019-09-25,-0.4748188960827487
1,2019-09-26,-0.48867714637421533
1,2019-09-27,-0.4997460235604783
1,2019-09-28,-0.5083244888805543
1,2019-09-29,-0.5148445220661224
1,2019-09-30,-0.5195993102218408
1,2019-10-01,-0.5226327396156287
1,2019-10-02,-0.5242420896461085
1,2019-10-03,-0.5248102887273608
1,2019-10-04,-0.5244953755834818
1,2019-10-05,-0.5234274043759759
1,2019-10-06,-0.5218910904573824
1,2019-10-07,-0.5200093543708691
1,2019-10-08,-0.5174991157983292
1,2019-10-09,-0.5142984360536863
1,2019-10-10,-0.5106800761557504
1,2019-10-11,-0.5071038769218394
1,2019-10-12,-0.5036558653843202
1,2019-10-13,-0.5001824596298754
1,2019-10-14,-0.49658490129325056
1,2019-10-15,-0.492853658928957
1,2019-10-16,-0.48906372638363
1,2019-10-17,-0.4851488073943881
1,2019-10-18,-0.4811920987007069
1,2019-10-19,-0.4772329276559821
1,2019-10-20,-0.4732214220181733
1,2019-10-21,-0.4692123262339341
1,2019-10-22,-0.46504359574496673
1,2019-10-23,-0.460835579792615
1,2019-10-24,-0.4566118899686044
1,2019-10-25,-0.4523571170590328
1,2019-10-26,-0.44778912993118514
1,2019-10-27,-0.44269659737818845
1,2019-10-28,-0.43714907250768165
1,2019-10-29,-0.43133494053075894
1,2019-10-30,-0.42523676146904066
1,2019-10-31,-0.41885794624711914
1,2019-11-01,-0.412281705379721
1,2019-11-02,-0.4055210954725059
1,2019-11-03,-0.3986692615180527
1,2019-11-04,-0.39172093921083745
1,2019-11-05,-0.38488053259137933
1,2019-11-06,-0.3781691878549332
1,2019-11-07,-0.37168962988426446
1,2019-11-08,-0.36544397199090006
1,2019-11-09,-0.35961549981309293
1,2019-11-10,-0.35438051083225436
1,2019-11-11,-0.34979862702881187
1,2019-11-12,-0.3459059077069284
1,2019-11-13,-0.3427227010692446
1,2019-11-14,-0.340298886521168
1,2019-11-15,-0.3385087435449668
1,2019-11-16,-0.33732184785965763
1,2019-11-17,-0.3367831855505183
1,2019-11-18,-0.3368806636321164
1,2019-11-19,-0.3376020794591328
1,2019-11-20,-0.3388782328027236
1,2019-11-21,-0.3405059952489529
1,2019-11-22,-0.34239586743694006
1,2019-11-23,-0.3444848303771204
1,2019-11-24,-0.3467558868404169
1,2019-11-25,-0.3491250095705429
1,2019-11-26,-0.35156271364665276
1,2019-11-27,-0.3541131186586223
1,2019-11-28,-0.35672887414087273
1,2019-11-29,-0.35948059244441083
1,2019-11-30,-0.36240824212213935
1,2019-12-01,-0.3653509827536716
1,2019-12-02,-0.3682397832679351
1,2019-12-03,-0.37087753113489813
1,2019-12-04,-0.373127353251009
1,2019-12-05,-0.3749485149888022
1,2019-12-06,-0.37637851499347164
1,2019-12-07,-0.3773415653824287
1,2019-12-08,-0.37773818365446776
1,2019-12-09,-0.3776154595512237
1,2019-12-10,-0.37690642484855247
1,2019-12-11,-0.3756759574218854
1,2019-12-12,-0.37399814077721627
1,2019-12-13,-0.37190353972270657
1,2019-12-14,-0.36944542902955213
1,2019-12-15,-0.36673667909188196
1,2019-12-16,-0.36388499069467406
1,2019-12-17,-0.36090827420453575
1,2019-12-18,-0.3578233839350931
1,2019-12-19,-0.3547418065209017
1,2019-12-20,-0.35169160863576004
1,2019-12-21,-0.3488420661736562
1,2019-12-22,-0.3463002081383984
1,2019-12-23,-0.34408139558279915
1,2019-12-24,-0.3422968561070042
1,2019-12-25,-0.34093961737675793
1,2019-12-26,-0.33996563713324696
1,2019-12-27,-0.3392860818590803
1,2019-12-28,-0.33877898286432845
1,2019-12-29,-0.3384078735777974
1,2019-12-30,-0.3382012804724012
1,2019-12-31,-0.3381189135492028
1,2020-01-01,-0.33824511830095094
1,2020-01-02,-0.33869808866100914
1,2020-01-03,-0.3394801736492033
1,2020-01-04,-0.3402692476381686
1,2020-01-05,-0.3408789393965995
1,2020-01-06,-0.34129854461932374
1,2020-01-07,-0.3416071795911331
1,2020-01-08,-0.34178889002304963
1,2020-01-09,-0.34187225911243746
1,2020-01-10,-0.34202404264655545
1,2020-01-11,-0.3423461369827417
1,2020-01-12,-0.3428684496887368
1,2020-01-13,-0.34350682332547683
1,2020-01-14,-0.34436873523502237
1,2020-01-15,-0.3455156057227438
1,2020-01-16,-0.34687409662077157
1,2020-01-17,-0.34834043985082797
1,2020-01-18,-0.35007895424981605
1,2020-01-19,-0.35217918536553616
1,2020-01-20,-0.3546553398832665
1,2020-01-21,-0.3573793436859151
1,2020-01-22,-0.360346714350761
1,2020-01-23,-0.3635228208133189
1,2020-01-24,-0.36676154241809444
1,2020-01-25,-0.3699549325093313
1,2020-01-26,-0.373183032090798
1,2020-01-27,-0.3764189587660093
1,2020-01-28,-0.3795735805355789
1,2020-01-29,-0.3825089796701553
1,2020-01-30,-0.3852666882687753
1,2020-01-31,-0.3879906195775762
1,2020-02-01,-0.3906695198257996
1,2020-02-02,-0.3931717741306096
1,2020-02-03,-0.39535116645593077
1,2020-02-04,-0.3971523139192099
1,2020-02-05,-0.39862139293529825
1,2020-02-06,-0.3999845284393453
1,2020-02-07,-0.4014666874273918
1,2020-02-08,-0.4031355797467242
1,2020-02-09,-0.4048627507412129
1,2020-02-10,-0.40664458506458984
1,2020-02-11,-0.4083823224728722
1,2020-02-12,-0.40992485622242936
1,2020-02-13,-0.41115041929418095
1,2020-02-14,-0.4120916928468492
1,2020-02-15,-0.4128538685517609
1,2020-02-16,-0.4135549907562544
1,2020-02-17,-0.4142108265122623
1,2020-02-18,-0.4147529721795318
1,2020-02-19,-0.41504719762812803
1,2020-02-20,-0.4148387670777521
1,2020-02-21,-0.41391905851809885
1,2020-02-22,-0.4122695467926927
1,2020-02-23,-0.4100149596926382
1,2020-02-24,-0.4074086014234614
1,2020-02-25,-0.4045635274038583
1,2020-02-26,-0.401559488477244
1,2020-02-27,-0.3984787919490859
1,2020-02-28,-0.39525120147417414
1,2020-02-29,-0.3916668496148929
1,2020-03-01,-0.387930522063841
1,2020-03-02,-0.3842060520574989
1,2020-03-03,-0.3805759311905636
1,2020-03-04,-0.3771582816779048
1,2020-03-05,-0.37413873749779925
1,2020-03-06,-0.3716879129346163
1,2020-03-07,-0.37006606317758844
1,2020-03-08,-0.3693411105382382
1,2020-03-09,-0.3693272887456039
1,2020-03-10,-0.3698080211500062
1,2020-03-11,-0.3707202410535879
1,2020-03-12,-0.37197981636459043
1,2020-03-13,-0.37353860043900755
1,2020-03-14,-0.37557640232579903
1,2020-03-15,-0.37795721387898057
1,2020-03-16,-0.3806382623335439
1,2020-03-17,-0.3834547010574827
1,2020-03-18,-0.3861719006167198
1,2020-03-19,-0.3887422431598636
1,2020-03-20,-0.39102063815060173
1,2020-03-21,-0.3927987357130996
1,2020-03-22,-0.39401695323381797
1,2020-03-23,-0.3947330455679455
1,2020-03-24,-0.39499771369554704
1,2020-03-25,-0.3947535808026006
1,2020-03-26,-0.3941698887495755
1,2020-03-27,-0.3934140071889836
1,2020-03-28,-0.3924545500664118
1,2020-03-29,-0.39123382015989316
1,2020-03-30,-0.3897942073043045
1,2020-03-31,-0.38825444387023383
1,2020-04-01,-0.3867110983197886
1,2020-04-02,-0.38528641525098106
1,2020-04-03,-0.38411133301053635
1,2020-04-04,-0.3832869398597018
1,2020-04-05,-0.38285610025878264
1,2020-04-06,-0.38292669122734796
1,2020-04-07,-0.3835322876258084
1,2020-04-08,-0.38478104301575333
1,2020-04-09,-0.3866158024514089
1,2020-04-10,-0.38886399827319096
1,2020-04-11,-0.3913500757440481
1,2020-04-12,-0.3940443762833358
1,2020-04-13,-0.39700157881281517
1,2020-04-14,-0.4002520504609454
1,2020-04-15,-0.40363742661749635
1,2020-04-16,-0.4069520370465233
1,2020-04-17,-0.4100364960512557
1,2020-04-18,-0.41281211077521524
1,2020-04-19,-0.4152626522130567
1,2020-04-20,-0.417288123408344
1,2020-04-21,-0.41883242353187605
1,2020-04-22,-0.41991277652668163
1,2020-04-23,-0.4206369637622153
1,2020-04-24,-0.42095399475296935
1,2020-04-25,-0.42075690165285956
1,2020-04-26,-0.41992144499228434
1,2020-04-27,-0.4184758578306787
1,2020-04-28,-0.41643855716041367
1,2020-04-29,-0.41380818474133835
1,2020-04-30,-0.4106405666844833
1,2020-05-01,-0.40708123230434845
1,2020-05-02,-0.403209479435437
1,2020-05-03,-0.3991203894536573
1,2020-05-04,-0.39482640267669594
1,2020-05-05,-0.3905018352206102
1,2020-05-06,-0.38634783416402635
1,2020-05-07,-0.38244777912809186
1,2020-05-08,-0.3788570496879563
1,2020-05-09,-0.3757458854597536
1,2020-05-10,-0.3731057730841085
1,2020-05-11,-0.3709465502128323
1,2020-05-12,-0.36904672898078167
1,2020-05-13,-0.36738388665224025
1,2020-05-14,-0.36602311412236477
1,2020-05-15,-0.3650118990230404
1,2020-05-16,-0.36431312460926296
1,2020-05-17,-0.3637761282900194
1,2020-05-18,-0.3633285525230062
1,2020-05-19,-0.36293002503118366
1,2020-05-20,-0.36231540467981216
1,2020-05-21,-0.36123337576811826
1,2020-05-22,-0.35976373612286233
1,2020-05-23,-0.3579293951190158
1,2020-05-24,-0.3554668903765509
1,2020-05-25,-0.352067236994831
1,2020-05-26,-0.34750180746686454
1,2020-05-27,-0.34160138199975065
1,2020-05-28,-0.33433731111499654
1,2020-05-29,-0.3256285929421768
1,2020-05-30,-0.3152519700437301
1,2020-05-31,-0.30280194465628485
1,2020-06-01,-0.2883666138064198
1,2020-06-02,-0.2720146648850979
1,2020-06-03,-0.2536598442742731
1,2020-06-04,-0.23315220130687603
1,2020-06-05,-0.21061664925549445
1,2020-06-06,-0.18612802854296884
1,2020-06-07,-0.16041293250123748
1,2020-06-08,-0.1333166114779834
1,2020-06-09,-0.10513839251434985
1,2020-06-10,-0.07600942051602765
1,2020-06-11,-0.04597790283707711
1,2020-06-12,-0.015493518407422151
1,2020-06-13,0.014894456749835371
1,2020-06-14,0.04484736126970303
1,2020-06-15,0.0735968572231158
1,2020-06-16,0.10101498856322304
1,2020-06-17,0.12746088715883133
1,2020-06-18,0.15301580006871646
1,2020-06-19,0.17770348503201755
1,2020-06-20,0.20179401261297913
1,2020-06-21,0.22454637827225668
1,2020-06-22,0.24586908572070787
1,2020-06-23,0.26583016101140816
1,2020-06-24,0.28430780432104535
1,2020-06-25,0.30149356904322117
1,2020-06-26,0.3173865456113123
1,2020-06-27,0.3320164755071644
1,2020-06-28,0.344955626064139
1,2020-06-29,0.35653860603220533
1,2020-06-30,0.36762572923371317
1,2020-07-01,0.37802330073419427
1,2020-07-02,0.38733653457694167
1,2020-07-03,0.3958805146523285
1,2020-07-04,0.4040809160987286
1,2020-07-05,0.41225361399664034
1,2020-07-06,0.41990478595372155
1,2020-07-07,0.42690321631486144
1,2020-07-08,0.43381775596698025
1,2020-07-09,0.4410445656407483
1,2020-07-10,0.4490231877256096
1,2020-07-11,0.45733511808845145
1,2020-07-12,0.46528040974695456
1,2020-07-13,0.4732496641478394
1,2020-07-14,0.481245358360741
1,2020-07-15,0.4897776442460123
1,2020-07-16,0.4981657982986471
1,2020-07-17,0.5060702912945668
1,2020-07-18,0.5129908751986864
1,2020-07-19,0.5195728985128579
1,2020-07-20,0.525473414911822
1,2020-07-21,0.5305784511160682
1,2020-07-22,0.5347430100039771
1,2020-07-23,0.5374160297634496
1,2020-07-24,0.5384011789291224
1,2020-07-25,0.5379416797593787
1,2020-07-26,0.5363102512158648
1,2020-07-27,0.5340129040876368
1,2020-07-28,0.5309866382016335
1,2020-07-29,0.5268194899860864
1,2020-07-30,0.5216563291158844
1,2020-07-31,0.5156464300794955
1,2020-08-01,0.508864263961202
1,2020-08-02,0.501957322561074
1,2020-08-03,0.4949501529711316
1,2020-08-04,0.4881388106071904
1,2020-08-05,0.4816528210228414
1,2020-08-06,0.47588438097485963
1,2020-08-07,0.47114799554485437
1,2020-08-08,0.46742834589645443
1,2020-08-09,0.46453293397868745
1,2020-08-10,0.4619408801620586
1,2020-08-11,0.4595841241021607
1,2020-08-12,0.45771382814545525
1,2020-08-13,0.45662300183157073
1,2020-08-14,0.4560871333421117
1,2020-08-15,0.45593355703723715
1,2020-08-16,0.4558485163709049
1,2020-08-17,0.455772642438975
1,2020-08-18,0.45501061878694143
1,2020-08-19,0.45312326414963555
1,2020-08-20,0.45004888711621677
1,2020-08-21,0.44565432509463415
1,2020-08-22,0.43977429491097597
1,2020-08-23,0.432307231008859
1,2020-08-24,0.42327271193821103
1,2020-08-25,0.41269516300168413
1,2020-08-26,0.4004138615732683
1,2020-08-27,0.38618782477937197
1,2020-08-28,0.3693540647951466
1,2020-08-29,0.34981475175440385
1,2020-08-30,0.3279617260170523
1,2020-08-31,0.3039835657742673
1,2020-09-01,0.27771491614391636
1,2020-09-02,0.24936571831219725
1,2020-09-03,0.21866628200899596
1,2020-09-04,0.18597483851071328
1,2020-09-05,0.1521064171307746
1,2020-09-06,0.11782551888274717
1,2020-09-07,0.08314143117929132
1,2020-09-08,0.047630613728124285
1,2020-09-09,0.011595215087733188
1,2020-09-10,-0.025019350591767915
1,2020-09-11,-0.061263806795031225
1,2020-09-12,-0.09728781235759072
1,2020-09-13,-0.13310006832878402
1,2020-09-14,-0.16822368719536637
1,2020-09-15,-0.20206907800575716
1,2020-09-16,-0.2340061420763152
1,2020-09-17,-0.2640273732217919
1,2020-09-18,-0.2922407717321932
1,2020-09-19,-0.3183719259064087
1,2020-09-20,-0.3424410478031198
1,2020-09-21,-0.3645301533861623
1,2020-09-22,-0.3849850441038663
1,2020-09-23,-0.4039755953228792
1,2020-09-24,-0.42089304130336047
1,2020-09-25,-0.43534292265951924
1,2020-09-26,-0.44751341983438636
1,2020-09-27,-0.45791631139417127
1,2020-09-28,-0.466747161559204
1,2020-09-29,-0.47382121996195803
1,2020-09-30,-0.4793821350557423
1,2020-10-01,-0.48343250405940186
1,2020-10-02,-0.48621653375676854
1,2020-10-03,-0.48838237991144823
1,2020-10-04,-0.4903479846673466
1,2020-10-05,-0.4922526090261022
1,2020-10-06,-0.4939198854859256
1,2020-10-07,-0.49495418595650165
1,2020-10-08,-0.49519853793542346
1,2020-10-09,-0.4949050998610656
1,2020-10-10,-0.4940994950493497
1,2020-10-11,-0.49294262060452937
1,2020-10-12,-0.4915406795390728
1,2020-10-13,-0.48989323787586714
1,2020-10-14,-0.48797881835480567
1,2020-10-15,-0.4858411077079185
1,2020-10-16,-0.4834081875419367
1,2020-10-17,-0.4806930361142539
1,2020-10-18,-0.47769635547441325
1,2020-10-19,-0.4742271490535493
1,2020-10-20,-0.47011724150752343
1,2020-10-21,-0.46540107415016785
1,2020-10-22,-0.46043753975802115
1,2020-10-23,-0.45543121203159237
1,2020-10-24,-0.45042476782912744
1,2020-10-25,-0.44532143891872256
1,2020-10-26,-0.4400525541831454
1,2020-10-27,-0.4347076521062142
1,2020-10-28,-0.4293073668179485
1,2020-10-29,-0.42378079316006223
1,2020-10-30,-0.4179923090153983
1,2020-10-31,-0.41180142976636525
1,2020-11-01,-0.4051885186862171
1,2020-11-02,-0.39840893267232663
1,2020-11-03,-0.3917641495850283
1,2020-11-04,-0.3853866386433265
1,2020-11-05,-0.37927860985466033
1,2020-11-06,-0.37326546694268964
1,2020-11-07,-0.36748117816839354
1,2020-11-08,-0.36207266833796303
1,2020-11-09,-0.3571232684337435
1,2020-11-10,-0.35261078242595734
1,2020-11-11,-0.34849191665790025
1,2020-11-12,-0.3447782858735452
1,2020-11-13,-0.3415141448330618
1,2020-11-14,-0.3387475892369875
1,2020-11-15,-0.336465918244107
1,2020-11-16,-0.33482889217049827
1,2020-11-17,-0.3339498746095276
1,2020-11-18,-0.33380246366702504
1,2020-11-19,-0.33420114398463413
1,2020-11-20,-0.3350266740661677
1,2020-11-21,-0.33613406256302114
1,2020-11-22,-0.33753286323135057
1,2020-11-23,-0.3391619762772203
1,2020-11-24,-0.34098916038688026
1,2020-11-25,-0.3430268443937003
1,2020-11-26,-0.34524273478946277
1,2020-11-27,-0.34763327671759625
1,2020-11-28,-0.3501870932018193
1,2020-11-29,-0.3529480598276632
1,2020-11-30,-0.35563809921620426
1,2020-12-01,-0.357983302875435
1,2020-12-02,-0.36006099690770477
1,2020-12-03,-0.36187131177708604
1,2020-12-04,-0.3633948564793112
1,2020-12-05,-0.36457391636431186
1,2020-12-06,-0.3654751218647386
1,2020-12-07,-0.36609469671104544
1,2020-12-08,-0.3664445034132896
1,2020-12-09,-0.3664234626138955
1,2020-12-10,-0.3659592106361728
1,2020-12-11,-0.3650512745889221
1,2020-12-12,-0.36379702612605924
1,2020-12-13,-0.3622346502649798
1,2020-12-14,-0.36034305095034574
1,2020-12-15,-0.35811531203781644
1,2020-12-16,-0.3554959026871214
1,2020-12-17,-0.3526315749587182
1,2020-12-18,-0.34971336009994086
1,2020-12-19,-0.346767025688889
1,2020-12-20,-0.3437524007415498
1,2020-12-21,-0.3407416210983794
1,2020-12-22,-0.33776725711316086
1,2020-12-23,-0.3349804703608272
1,2020-12-24,-0.33251322663317845
1,2020-12-25,-0.3304209430179763
1,2020-12-26,-0.32875251041198306
1,2020-12-27,-0.3275117314634429
1,2020-12-28,-0.32673890668615985
1,2020-12-29,-0.3264498005703586
1,2020-12-30,-0.3266699517409987
1,2020-12-31,-0.3277981384947486
1,2021-01-01,-0.3285959765584741
1,2021-01-02,-0.3297873468419568
1,2021-01-03,-0.33134192398992834
1,2021-01-04,-0.33319763872167657
1,2021-01-05,-0.3352481000537748
1,2021-01-06,-0.33736034623524563
1,2021-01-07,-0.33947490128815355
1,2021-01-08,-0.34153744171255673
1,2021-01-09,-0.34341474211161316
1,2021-01-10,-0.344897395179658
1,2021-01-11,-0.34602439079798963
1,2021-01-12,-0.34688852030859707
1,2021-01-13,-0.3474798319478863
1,2021-01-14,-0.3478732353347749
1,2021-01-15,NA
1,2021-01-16,NA
1,2021-01-17,NA
1,2021-01-18,NA
1,2021-01-19,NA
1,2021-01-20,NA
1,2021-01-21,NA
1,2021-01-22,NA
1,2021-01-23,NA
1,2021-01-24,NA
1,2021-01-25,NA
1,2021-01-26,NA
1,2021-01-27,NA
1,2021-01-28,NA
1,2021-01-29,NA
1,2021-01-30,NA
1,2021-01-31,NA
1,2021-02-01,NA
1,2021-02-02,NA
1,2021-02-03,NA
1,2021-02-04,NA
1,2021-02-05,NA
1,2021-02-06,NA
1,2021-02-07,NA
1,2021-02-08,NA
1,2021-02-09,NA
1,2021-02-10,NA
1,2021-02-11,NA
1,2021-02-12,NA
1,2021-02-13,NA
1,2021-02-14,NA
1,2021-02-15,NA
1,2021-02-16,NA
1,2021-02-17,NA
1,2021-02-18,NA
1,2021-02-19,NA
1,2021-02-20,NA
1,2021-02-21,NA
1,2021-02-22,NA
1,2021-02-23,NA
1,2021-02-24,NA
1,2021-02-25,NA
1,2021-02-26,NA
1,2021-02-27,NA
1,2021-02-28,NA
1,2021-03-01,NA
1,2021-03-02,NA
1,2021-03-03,NA
1,2021-03-04,NA
1,2021-03-05,NA
1,2021-03-06,NA
1,2021-03-07,NA
1,2021-03-08,NA
1,2021-03-09,NA
1,2021-03-10,NA
1,2021-03-11,NA
1,2021-03-12,NA
1,2021-03-13,NA
1,2021-03-14,NA
1,2021-03-15,NA
1,2021-03-16,NA
1,2021-03-17,NA
1,2021-03-18,NA
1,2021-03-19,NA
1,2021-03-20,NA
1,2021-03-21,NA
1,2021-03-22,NA
1,2021-03-23,NA
1,2021-03-24,NA
1,2021-03-25,NA
1,2021-03-26,NA
1,2021-03-27,NA
1,2021-03-28,NA
1,2021-03-29,NA
1,2021-03-30,NA
1,2021-03-31,NA
1,2021-04-01,NA
1,2021-04-02,NA
1,2021-04-03,NA
1,2021-04-04,NA
1,2021-04-05,NA
1,2021-04-06,NA
1,2021-04-07,NA
1,2021-04-08,NA
1,2021-04-09,NA
1,2021-04-10,NA
1,2021-04-11,NA
1,2021-04-12,NA
1,2021-04-13,NA
1,2021-04-14,NA
1,2021-04-15,NA
1,2021-04-16,NA
1,2021-04-17,NA
1,2021-04-18,NA
1,2021-04-19,NA
1,2021-04-20,NA
1,2021-04-21,NA
1,2021-04-22,NA
1,2021-04-23,NA
1,2021-04-24,NA
1,2021-04-25,NA
1,2021-04-26,NA
1,2021-04-27,NA
1,2021-04-28,NA
1,2021-04-29,NA
1,2021-04-30,NA
1,2021-05-01,NA
1,2021-05-02,NA
1,2021-05-03,NA
1,2021-05-04,NA
1,2021-05-05,NA
1,2021-05-06,NA
1,2021-05-07,NA
1,2021-05-08,NA
1,2021-05-09,NA
1,2021-05-10,NA
1,2021-05-11,NA
1,2021-05-12,NA
1,2021-05-13,NA
1,2021-05-14,NA
1,2021-05-15,NA
1,2021-05-16,NA
1,2021-05-17,NA
1,2021-05-18,NA
1,2021-05-19,NA
1,2021-05-20,NA
1,2021-05-21,NA
1,2021-05-22,NA
1,2021-05-23,NA
1,2021-05-24,NA
1,2021-05-25,NA
1,2021-05-26,NA
1,2021-05-27,NA
1,2021-05-28,NA
1,2021-05-29,NA
1,2021-05-30,NA
1,2021-05-31,NA
1,2021-06-01,NA
1,2021-06-02,NA
1,2021-06-03,NA
1,2021-06-04,NA
1,2021-06-05,NA
1,2021-06-06,NA
1,2021-06-07,NA
1,2021-06-08,NA
1,2021-06-09,NA
1,2021-06-10,NA
1,2021-06-11,NA
1,2021-06-12,NA
1,2021-06-13,NA
1,2021-06-14,NA
1,2021-06-15,NA
1,2021-06-16,NA
1,2021-06-17,NA
1,2021-06-18,NA
1,2021-06-19,NA
1,2021-06-20,NA
1,2021-06-21,NA
1,2021-06-22,NA
1,2021-06-23,NA
1,2021-06-24,NA
1,2021-06-25,NA
1,2021-06-26,NA
1,2021-06-27,NA
1,2021-06-28,NA
1,2021-06-29,NA
1,2021-06-30,NA
1,2021-07-01,NA
1,2021-07-02,NA
1,2021-07-03,NA
1,2021-07-04,NA
1,2021-07-05,NA
1,2021-07-06,NA
1,2021-07-07,NA
1,2021-07-08,NA
1,2021-07-09,NA
1,2021-07-10,NA
1,2021-07-11,NA
1,2021-07-12,NA
1,2021-07-13,NA
1,2021-07-14,NA
1,2021-07-15,NA
1,2021-07-16,NA
1,2021-07-17,NA
1,2021-07-18,NA
1,2021-07-19,NA
1,2021-07-20,NA
1,2021-07-21,NA
1,2021-07-22,NA
1,2021-07-23,NA
1,2021-07-24,NA
1,2021-07-25,NA
1,2021-07-26,NA
1,2021-07-27,NA
1,2021-07-28,NA
1,2021-07-29,NA
1,2021-07-30,NA
1,2021-07-31,NA
1,2021-08-01,NA
1,2021-08-02,NA
1,2021-08-03,NA
1,2021-08-04,NA
1,2021-08-05,NA
1,2021-08-06,NA
1,2021-08-07,NA
1,2021-08-08,NA
1,2021-08-09,NA
1,2021-08-10,NA
1,2021-08-11,NA
1,2021-08-12,NA
1,2021-08-13,NA
1,2021-08-14,NA
1,2021-08-15,NA
1,2021-08-16,NA
1,2021-08-17,NA
1,2021-08-18,NA
1,2021-08-19,NA
1,2021-08-20,NA
1,2021-08-21,NA
1,2021-08-22,NA
1,2021-08-23,NA
1,2021-08-24,NA
1,2021-08-25,NA
1,2021-08-26,NA
1,2021-08-27,NA
1,2021-08-28,NA
1,2021-08-29,NA
1,2021-08-30,NA
1,2021-08-31,NA
1,2021-09-01,NA
1,2021-09-02,NA
1,2021-09-03,NA
1,2021-09-04,NA
1,2021-09-05,NA
1,2021-09-06,NA
1,2021-09-07,NA
1,2021-09-08,NA
1,2021-09-09,NA
1,2021-09-10,NA
1,2021-09-11,NA
1,2021-09-12,NA
1,2021-09-13,NA
1,2021-09-14,NA
1,2021-09-15,NA
1,2021-09-16,NA
1,2021-09-17,NA
1,2021-09-18,NA
1,2021-09-19,NA
1,2021-09-20,NA
1,2021-09-21,NA
1,2021-09-22,NA
1,2021-09-23,NA
1,2021-09-24,NA
1,2021-09-25,NA
1,2021-09-26,NA
1,2021-09-27,NA
1,2021-09-28,NA
1,2021-09-29,NA
1,2021-09-30,NA
1,2021-10-01,NA
1,2021-10-02,NA
1,2021-10-03,NA
1,2021-10-04,NA
1,2021-10-05,NA
1,2021-10-06,NA
1,2021-10-07,NA
1,2021-10-08,NA
1,2021-10-09,NA
1,2021-10-10,NA
1,2021-10-11,NA
1,2021-10-12,NA
1,2021-10-13,NA
1,2021-10-14,NA
1,2021-10-15,NA
1,2021-10-16,NA
1,2021-10-17,NA
1,2021-10-18,NA
1,2021-10-19,NA
1,2021-10-20,NA
1,2021-10-21,NA
1,2021-10-22,NA
1,2021-10-23,NA
1,2021-10-24,NA
1,2021-10-25,NA
1,2021-10-26,NA
1,2021-10-27,NA
1,2021-10-28,NA
1,2021-10-29,NA
1,2021-10-30,NA
1,2021-10-31,NA
1,2021-11-01,NA
1,2021-11-02,NA
1,2021-11-03,NA
1,2021-11-04,NA
1,2021-11-05,NA
1,2021-11-06,NA
1,2021-11-07,NA
1,2021-11-08,NA
1,2021-11-09,NA
1,2021-11-10,NA
1,2021-11-11,NA
1,2021-11-12,NA
1,2021-11-13,NA
1,2021-11-14,NA
1,2021-11-15,NA
1,2021-11-16,NA
1,2021-11-17,NA
1,2021-11-18,NA
1,2021-11-19,NA
1,2021-11-20,NA
1,2021-11-21,NA
1,2021-11-22,NA
1,2021-11-23,NA
1,2021-11-24,NA
1,2021-11-25,NA
1,2021-11-26,NA
1,2021-11-27,NA
1,2021-11-28,NA
1,2021-11-29,NA
1,2021-11-30,NA
1,2021-12-01,NA
