temp_1_1,temp_1_2,temp_1_3,temp_1_4,temp_1_5,temp_1_6,temp_1_7,temp_1_8,temp_1_9,temp_1_10,temp_1_11,temp_1_12,temp_1_13,temp_1_14,temp_1_15,temp_1_16,temp_1_17,temp_1_18,temp_1_19,temp_1_20,temp_1_21,temp_1_22,temp_1_23,temp_1_24,temp_1_25,temp_1_26
0.1545644240124044,0.20504647649643085,0.24841561486880392,0.2817942548181438,0.3072066116551022,0.32039069078053606,0.3205869731119535,0.3113929749206256,0.29054340012906155,0.25998193905614714,0.22233730218577483,0.17959083490018068,0.1432144384145428,0.11278600411806737,0.07223086190257597,0.03412185523918515,0.002679924804715266,-0.017197410448322528,-0.027609349302611077,-0.025697969123818422,-0.014295190014258049,0.008835035064016058,0.04206578470239722,0.08426176606374745,0.13048349197956333,0.18028033344893601
-0.03268487825375917,0.014958730629314864,0.055414680865911954,0.0868746157686628,0.10734436271419678,0.117199244197722,0.11449110133896771,0.09981835356061136,0.07423753475269998,0.04216812737595924,0.00282124823988696,-0.040140836843763274,-0.07112338391045739,-0.10927219253756237,-0.14960383895953347,-0.18339422954807877,-0.21072781349466668,-0.2282003908882012,-0.2345664268754794,-0.22907734794478246,-0.21315953349794384,-0.1854030292636492,-0.14913154461716824,-0.10508418049226764,-0.0568201889683487,-0.006819192769379852
-0.34696796182179407,-0.363449036079756,-0.3695553609718061,-0.3628252934729671,-0.34417323356246954,-0.315325979784809,-0.27751107107485484,-0.23142385370962903,-0.17910261021867835,-0.12442810955059994,-0.07109019372327079,-0.01771691232623257,0.026915202115199204,0.0656832469752271,0.09369322248567721,0.11156032999161775,0.11748465909716825,0.11117276110842414,0.09407215303698319,0.06500524699373893,0.03251339354322392,-0.009719090690442576,-0.05162295920036515,-0.07947308995036045,-0.12108741276153157,-0.1601693844991568
0.38814731393815594,0.3643359877943497,0.33178520700513464,0.29109773581084186,0.24394329724293598,0.19287226453631018,0.14060573441641253,0.09239487471182437,0.04817579335024486,0.010968267770402607,-0.017009286056376048,-0.03330747163290697,-0.0384185759967781,-0.03334620379662511,-0.01630062489865604,0.010293821248572192,0.044910707359800524,0.08593780928703687,0.1295503056545461,0.17286002571028786,0.21303947694377398,0.24941418611358934,0.2767731119478195,0.2967467755845732,0.30417456072972177,0.29948418677856953
-0.02190328938007412,-0.005860862926418829,0.022130609916650456,0.059018469462124364,0.10377119240631436,0.15156112293211554,0.2024377779255556,0.2512275379628996,0.29823619188044687,0.33817480819558654,0.3705018219902996,0.3903111151159186,0.3995114781096667,0.3972289676767665,0.38245421972626276,0.35561611045596175,0.32102470051603677,0.27847472748803637,0.22964400021641884,0.17780994143032905,0.12637823628891826,0.07914082567455677,0.03659766001958569,0.0020912315979718372,-0.022952277733369844,-0.036114190464781766
0.06743022324224587,0.036553071613031576,-0.00106812345451619,-0.04680639479721689,-0.0967181186655922,-0.1505666876382025,-0.19843676326331303,-0.24471617227068584,-0.28459100092621387,-0.31722527127609196,-0.3357666291353541,-0.34421737111780026,-0.3418491298542018,-0.3264931852251975,-0.3000472146819803,-0.26453579446793407,-0.22079119758512594,-0.17278405828030893,-0.12254783897349097,-0.07204632296593243,-0.02586666737284541,0.015923320384481313,0.047915329534986645,0.07172720683945231,0.0826318243077509,0.08389404928560343
-0.20691014185502155,-0.23061770381914956,-0.24357428953348112,-0.24359600600787276,-0.2324932934861835,-0.21046947114483253,-0.18027794911057607,-0.14241352675470623,-0.1010188138248928,-0.0578871930171643,-0.015317537956398375,0.02375435307192688,0.0579630726604779,0.08176241696337207,0.09604988952505811,0.09873084665275166,0.08800784288400415,0.06802239734945975,0.03574153585105207,-0.006454596071055872,-0.054097912319537145,-0.10814329546233435,-0.16395907353277267,-0.2179625361687788,-0.26909850900779525,-0.3154084378806735
0.10646590208634246,0.05473881207979103,-5.815723178206571e-4,-0.05727379825898157,-0.10961599518185938,-0.15567119787201056,-0.19316047933440805,-0.22190019825156887,-0.2388586835541011,-0.2444435214281344,-0.236672720769529,-0.21978671107255285,-0.19385238898556412,-0.1575942005126449,-0.11656266536684963,-0.07304827245152486,-0.02922244164499966,0.011635789834434328,0.046734196467653755,0.073410555819183,0.09123562882318965,0.09928001905365626,0.09497670188728118,0.07773122438949645,0.05122701854536925,0.01613685416326348
-0.1899519920775767,-0.21521234702156775,-0.2305380486809188,-0.23457240193466952,-0.22643892788253364,-0.20792530034508677,-0.17862177618005587,-0.14013260486364607,-0.09492849246631692,-0.046232040521732645,0.0038709539208902606,0.0532807612497986,0.0991591748232117,0.13774324495091467,0.16819675059110445,0.18678273856991334,0.19465656040992513,0.19056569121794137,0.17335549096878375,0.14794768568684577,0.10902423558885167,0.0653512166420205,0.016271128947822136,-0.03426305119260107,-0.08635288591331321,-0.13312612712342714
-0.007497017427025694,0.036202945185632995,0.0756990466570701,0.10865557078256828,0.1326482453873079,0.1461883491617439,0.1503703605436709,0.14043083918834806,0.12175270485439608,0.0900023270744184,0.050823164695350274,0.005961801470349157,-0.04383538892140387,-0.10728973754675539,-0.16035909992952635,-0.20356651526625869,-0.2405826952717704,-0.26772242464296075,-0.283821459106246,-0.2891110317459908,-0.2813804104838704,-0.2624791927827941,-0.23351905702239045,-0.19538584695339017,-0.1495740440802585,-0.09956662497550862
-0.18617746593956055,-0.14288251477268513,-0.10940076828971565,-0.08285549216332336,-0.06947060282190451,-0.06508405562034522,-0.07381479752185023,-0.09280311212695949,-0.12046516985010026,-0.15646922177181904,-0.19767502835941964,-0.23966611837846866,-0.27808678742373544,-0.3189005487477078,-0.35592626147585105,-0.38591564621925295,-0.4062703514047049,-0.4144366298334463,-0.41380700556288125,-0.40019978941562945,-0.3737016577701135,-0.33850194588652815,-0.2942617836513989,-0.2427939600737672,-0.18928761731729832,-0.13330962627100407
0.02162717490529019,-0.03416126543746972,-0.08789850371618567,-0.14145791856693152,-0.19111152954072613,-0.23295958267687664,-0.2648604391141094,-0.28539758177200436,-0.2943942431158717,-0.2920392554623365,-0.27838060188288,-0.25444300792381036,-0.22270017368139297,-0.18317623866101873,-0.13961107095110165,-0.09550707031593617,-0.054593063743194684,-0.0170788548416254,0.014178735291028801,0.03540303594148305,0.04564126627609309,0.0459157496173256,0.03426283883311103,0.010600054917045305,-0.022244061589647764,-0.06371913797787122
0.0687833690711829,0.060075807067831874,0.0394946814509345,0.009808007744842287,-0.027196595261673676,-0.06910975213652297,-0.11336966461560974,-0.15782018237338624,-0.1979498695728888,-0.23286431114337527,-0.2598529699218961,-0.27637945010776976,-0.28125268416176924,-0.2753416362581786,-0.2586959455437227,-0.23101083613534504,-0.1929031381777033,-0.1483925920316553,-0.1006319456084484,-0.049805643489438264,0.001012298502430363,0.04653393376926011,0.08550756349464736,0.11670817680076036,0.13868018979134894,0.14797956684091454
0.05906218095524884,0.018363934399352525,-0.032026810614856085,-0.0937647450376278,-0.13402215601370304,-0.16901666248736252,-0.19506520446069225,-0.21038001699756625,-0.21476185310348425,-0.20744870700901402,-0.18899479889784623,-0.1579592931969697,-0.12051499519976636,-0.07275818394643348,-0.0202373581836318,0.03395445084020281,0.08789696562331419,0.13886593489143675,0.18440816223228412,0.22244185534687191,0.24955839053013743,0.2662245482500031,0.27108596505123705,0.264557026389132,0.24623007747237471,0.2187243558711103
-0.3279451472565888,-0.3012097000346777,-0.26678315394356794,-0.2259924826707727,-0.1837192706511113,-0.14046292005343514,-0.09859591438427523,-0.061841850480045035,-0.03486257142796028,-0.016330993419171207,-0.009423597355623882,-0.01247708861289702,-0.02800382161842478,-0.05459160682097022,-0.09018133020658022,-0.1327590758728691,-0.1811314565174578,-0.23225112578380394,-0.284283054928894,-0.3308432388988213,-0.3733012335054106,-0.40718485725009246,-0.4321608511179622,-0.44551580764046494,-0.44575164821740476,-0.4357508335983566
-0.15307099637640603,-0.18200817404987069,-0.20229093600773657,-0.2102431832595067,-0.2078751751878677,-0.19123904537987796,-0.16607762375922067,-0.12920012905960568,-0.0839667635629125,-0.03288352549076821,0.021402534652432238,0.07582204062927395,0.1275251010086933,0.17479388199185913,0.21546594596480273,0.247495726588584,0.26676369262360783,0.27541886179532743,0.2706777077954832,0.257133698228428,0.23173131951472353,0.19826373428228777,0.15761581323093402,0.11398698242631834,0.06929160791474621,0.027481429645816086
-0.048828637879980784,-0.017823769473646514,0.022261627865266854,0.06838136517067364,0.11817943483906627,0.16912224009412455,0.218336538995231,0.26160635727819165,0.2985239604369471,0.3268753468584172,0.34359370251480886,0.34927506347040216,0.34205990909137984,0.32308809909101616,0.29311409396099825,0.25462955504950413,0.2102715671177054,0.16037198293874738,0.10796982328707234,0.057905238762957514,0.012565903398386704,-0.027947564909511436,-0.06018476636724859,-0.08026988866485321,-0.09065515673726772,-0.08737608644376063
-0.024393527210493662,-0.011787029505313084,0.013064046866033494,0.04766998590043805,0.09056683956919839,0.13745156959347454,0.1876821381094786,0.23754415920537744,0.28522572191030254,0.3274631377408282,0.36250706455703763,0.38584160057967687,0.3980569874091349,0.3990285655655017,0.38814731393815594,0.3643359877943497,0.33178520700513464,0.29109773581084186,0.24394329724293598,0.19287226453631018,0.14060573441641253,0.09239487471182437,0.04817579335024486,0.010968267770402607,-0.017009286056376048,-0.03330747163290697
-0.10490886327388663,-0.07324158649243766,-0.034979396950090204,0.007357625286996165,0.05097386022002707,0.09380836958840845,0.13172648996906272,0.16470106677705915,0.18770932991730518,0.19901773016742103,0.20012028519934053,0.1893341082076705,0.16581944399424522,0.13113336870758377,0.08894185309422258,0.04041046488972444,-0.013598937841246982,-0.0694385899239095,-0.12261691635070318,-0.17377226818706584,-0.21920595792301906,-0.25449273872109646,-0.2796781340833811,-0.2924895277741641,-0.2941797119002744,-0.28437715962296733
0.010134249467616157,-0.036361943027663914,-0.07651334415768463,-0.10921812021539583,-0.13064302989488213,-0.13992326276128772,-0.13893488241678814,-0.12679932180058104,-0.10490886327388663,-0.07324158649243766,-0.034979396950090204,0.007357625286996165,0.05097386022002707,0.09380836958840845,0.13172648996906272,0.16470106677705915,0.18770932991730518,0.19901773016742103,0.20012028519934053,0.1893341082076705,0.16581944399424522,0.13113336870758377,0.08894185309422258,0.04041046488972444,-0.013598937841246982,-0.0694385899239095
-0.08587273683712868,-0.03268487825375917,0.014958730629314864,0.055414680865911954,0.0868746157686628,0.10734436271419678,0.117199244197722,0.11449110133896771,0.09981835356061136,0.07423753475269998,0.04216812737595924,0.00282124823988696,-0.040140836843763274,-0.07112338391045739,-0.10927219253756237,-0.14960383895953347,-0.18339422954807877,-0.21072781349466668,-0.2282003908882012,-0.2345664268754794,-0.22907734794478246,-0.21315953349794384,-0.1854030292636492,-0.14913154461716824,-0.10508418049226764,-0.0568201889683487
-0.06580303237771731,-0.07835970951302988,-0.08007623338783411,-0.07013450952139702,-0.048828637879980784,-0.017823769473646514,0.022261627865266854,0.06838136517067364,0.11817943483906627,0.16912224009412455,0.218336538995231,0.26160635727819165,0.2985239604369471,0.3268753468584172,0.34359370251480886,0.34927506347040216,0.34205990909137984,0.32308809909101616,0.29311409396099825,0.25462955504950413,0.2102715671177054,0.16037198293874738,0.10796982328707234,0.057905238762957514,0.012565903398386704,-0.027947564909511436
0.02775455580511445,0.07820618273127636,0.12754901205490443,0.17066464927960684,0.20601295066360872,0.23162585594433854,0.2474557982572512,0.2502024753649311,0.24236313050114353,0.22156039753803478,0.19054605769222202,0.15061604235662773,0.10489266849242383,0.055554945237084825,0.0019269212735181993,-0.04866890321247043,-0.09210450547931334,-0.1312917095001291,-0.16095454500119555,-0.1792924971984654,-0.1891171519190717,-0.18421530435012265,-0.1702846104522526,-0.14498374912129813,-0.1126655432751714,-0.07216103934308592
0.19027879552454266,0.17151154784785178,0.14311269698221818,0.1044131987318532,0.058896947249592706,0.010100527289197313,-0.04255774078865341,-0.09272796490105147,-0.13769919111184495,-0.17826761737239422,-0.21118108195774704,-0.2328722924895143,-0.242054194030562,-0.23950393732746486,-0.22595006159030837,-0.19926267696060757,-0.16427090553717372,-0.12285299378507855,-0.07408743561964252,-0.02379042643869836,0.027280667397580505,0.07520014835789166,0.11603790973420329,0.14894025972496538,0.1733484697216118,0.1853820221623227
0.04954608516170542,0.02324667608826773,-0.010546609372268005,-0.050535830783873976,-0.09431840747334247,-0.13897399859148618,-0.1814407712030639,-0.21853965260565814,-0.24960468079002512,-0.2705878788966958,-0.2805574990692725,-0.27890652177556663,-0.2674704966115828,-0.24412619797408416,-0.21040959572616338,-0.16761622823257563,-0.12156486155314968,-0.0723421464787877,-0.019954410173215226,0.02753537965477784,0.07008530091544062,0.10384289893947246,0.13125248012642385,0.14491260402664824,0.14779294445312713,0.13708670071543205
-0.1586670231157586,-0.1383957178751928,-0.1104803650642855,-0.07114031908793061,-0.02578831906432264,0.026802558343630847,0.08163561391536717,0.13600196394830977,0.18731049230824226,0.23414016217364553,0.2709891705658248,0.29915394205189083,0.3173053526159768,0.3214293484853921,0.3162440006553154,0.29905199445143205,0.2721187598125319,0.2361273081494657,0.1956645632210058,0.15254839800745706,0.1268042861966976,0.086392234697394,0.04734840388130249,0.01277804412535966,-0.01142375838118501,-0.02473020887628271
-0.16343374718514553,-0.1940998129580854,-0.21605545281767186,-0.2283112098328308,-0.2289634100171594,-0.21806664959110533,-0.1954833412155427,-0.16445049291053593,-0.12411903688638345,-0.07723090371343039,-0.027633429152118437,0.022371428556412932,0.07243759408273266,0.11550455304925436,0.15175853826437344,0.1781747565975112,0.19567372772044894,0.19864600675138466,0.19098063655678643,0.17101096322527576,0.14040599327867553,0.10312035544279932,0.056456324466582886,0.006327469271749964,-0.044660856200663665,-0.09584441984216463
-0.07532580237991528,-0.11380054135609961,-0.14549750998643546,-0.16644971560039235,-0.1761062671678872,-0.17746494344420427,-0.16513033097770313,-0.14309779625748154,-0.11143040731506151,-0.0697104657436904,-0.021713287683498988,0.02775455580511445,0.07820618273127636,0.12754901205490443,0.17066464927960684,0.20601295066360872,0.23162585594433854,0.2474557982572512,0.2502024753649311,0.24236313050114353,0.22156039753803478,0.19054605769222202,0.15061604235662773,0.10489266849242383,0.055554945237084825,0.0019269212735181993
-0.3987049510988927,-0.3713602009625439,-0.3357270015508752,-0.29071718667961793,-0.23907868855162717,-0.18530228529254164,-0.1294460778242739,-0.07684450622853235,-0.03023300060810174,0.010399746025743834,0.04217078252423955,0.06236790359716099,0.06901497908936773,0.06593232407553334,0.05102870850345384,0.02538634916698596,-0.007862167680677629,-0.04754792110238514,-0.09110039209174275,-0.13577020520851232,-0.1785730388497444,-0.21610769505900806,-0.24770559014195093,-0.2694212299451044,-0.2802685890797958,-0.27936827869757747
0.03713379223007504,0.0361732230041455,0.02501146654163755,0.0028884258519364736,-0.02816261393203939,-0.06500289815519911,-0.10744632589475245,-0.14793090102352327,-0.18618721909457747,-0.22782397972860657,-0.26232789772518994,-0.28982522931995547,-0.30720905694818523,-0.3133077133094521,-0.3078811966548786,-0.2913712247181959,-0.2623498962081731,-0.22391227015664436,-0.17740029520460232,-0.125230682140946,-0.07099980334953795,-0.01597682430505637,0.036992995143247734,0.08337093520932651,0.12064874395771895,0.14940979136058008
-0.394167962365154,-0.39818218921743026,-0.3898720906713574,-0.37013638837170976,-0.3411235088152991,-0.3048354708293019,-0.26362161100035897,-0.22167328157594432,-0.17783755133926826,-0.13784976330559856,-0.10364805731777064,-0.07664599827418721,-0.059122546337328843,-0.05408204621314153,-0.06300031908393645,-0.0799182659024552,-0.10812841729857856,-0.14543117615203793,-0.18909289336521345,-0.23908167657587315,-0.3008633033488574,-0.35513136476315427,-0.40031624884728123,-0.44019824859430773,-0.4692587167887056,-0.487715996605616
-0.010277791026321093,-0.01090392429926468,-0.0235910042652651,-0.04792508106762893,-0.08197276946163203,-0.12308599420067667,-0.17043772135608665,-0.22108619973095694,-0.2737739816601458,-0.32084621139216185,-0.3648147346961479,-0.4010075963136107,-0.4271788981438673,-0.4439312829868269,-0.4467689495676586,-0.43890615240302755,-0.4200194293755066,-0.38836324911690656,-0.34823690280361946,-0.3028800808874783,-0.2539676328084044,-0.20160155275439212,-0.15321243932326145,-0.10899684516426218,-0.0718328558812072,-0.044191300741148486
0.07763170271037889,0.132303698342492,0.1837206357815563,0.23107553114541896,0.26872477263699307,0.2973730661189166,0.31647251202998555,0.3214775767513671,0.31698422162228607,0.3006855415017923,0.2743612411477742,0.23887247057907318,0.19876030720511415,0.1549719507458922,0.12906764424253853,0.08925348969664883,0.050131942391502905,0.014902928997089377,-0.010077375404349345,-0.024055612531196167,-0.02833649862341357,-0.020412198541007464,-0.0025759793066360724,0.026798203006032577,0.06513510454870453,0.11034715162589993
-0.35168990518064086,-0.3972804339596788,-0.43766289284319665,-0.4674983387448417,-0.48690400495851727,-0.4939657542658103,-0.49026359278205217,-0.474834955725466,-0.4477873969079438,-0.41221080556192574,-0.3685014168618318,-0.3208528799263843,-0.2687168342451165,-0.21892939319402513,-0.1733182801598258,-0.1324096216666185,-0.1008584200303192,-0.07768302176880058,-0.06755573473553014,-0.06607506090624447,-0.07810143424383893,-0.1000974395690852,-0.12970233611074725,-0.16837532862494806,-0.20968273772175655,-0.25056038489456156
0.09681540759269246,0.0480411225806833,0.0030831544771007862,-0.03558228476996249,-0.06555540877922537,-0.08333780351802653,-0.0910161646872296,-0.08543665202296115,-0.06986499531901129,-0.04447717381154673,-0.01140092976890529,0.029394778482640042,0.0717658148654553,0.11479312287086596,0.15730398785636895,0.19313353536699124,0.22279823707801882,0.2428793226589774,0.2525628539452576,0.24950918692251253,0.2342102315221077,0.20872470774245805,0.17247635239823378,0.12741252271969403,0.07753427643261422,0.02375360564684814
0.12256220272392052,0.13729454567866387,0.14100710390211887,0.1318360653725227,0.1128870585330399,0.08397243289790521,0.048817245968175174,0.007436148294851069,-0.034415467629806004,-0.07305250600441532,-0.11345800978924844,-0.15067416119814667,-0.18017573817626367,-0.2011919234178817,-0.21011491940764937,-0.20846019604257557,-0.19282084824758097,-0.1680164725835661,-0.13241486081187373,-0.08725190514283974,-0.03676111071155538,0.01746879619525798,0.07198039419799329,0.12404745439611176,0.17156303148814733,0.2128171901657253
-0.033561596882406494,-0.07783429135502005,-0.12116337678567538,-0.16092794981775543,-0.1922321179263616,-0.2147908757865916,-0.22775440769329022,-0.22926739946728023,-0.21935744104229998,-0.19728219454849946,-0.16709632545722886,-0.12712141174684555,-0.08078037232968197,-0.031152914397744095,0.018724678267219238,0.06893897586014419,0.1128441017516971,0.14932035273570943,0.1767096192932762,0.19477276290887602,0.1988024857816779,0.19198116255211553,0.1728350966247809,0.14278822136463387,0.10611561877970924,0.059925560846532465
-0.25865703965225717,-0.2100568731259738,-0.15793794244073311,-0.10883330725449511,-0.06299135637948809,-0.025878527378266687,0.0042595328705578766,0.024028704048206874,0.033088539613827794,0.029791736131265463,0.01454512370139447,-0.008305298918933807,-0.042815333241581564,-0.08104435739925181,-0.1299922991471864,-0.19293765514328357,-0.23531147141612663,-0.26924345956219864,-0.29655006690495067,-0.3123260306900762,-0.31795969486198805,-0.312118209825909,-0.29451800286467356,-0.2646495625842262,-0.22531706179132824,-0.17905238022966102
-0.4149267535379785,-0.3846535469313278,-0.34539649651039867,-0.3003767950321036,-0.2501094232779703,-0.19942604203437506,-0.15117579575826567,-0.10802075777499506,-0.06946134597164103,-0.039207970690110165,-0.02020482934639862,-0.013391054118355793,-0.01872844082575841,-0.033475422014098026,-0.05798614597792308,-0.09192959680397272,-0.13095187645642262,-0.17433745812191645,-0.21113350365790182,-0.2529074188625184,-0.29217090630552217,-0.3252088971260387,-0.3502460219351241,-0.36239499192828273,-0.3638977546646142,-0.3536608626844604
0.08837658897249101,0.045013685147265926,0.005335307922751612,-0.029841885985753894,-0.055571549927472236,-0.07154062800188724,-0.07626071647431808,-0.07013099197701785,-0.051139388187077174,-0.021552975384346917,0.01391646072886583,0.059223679227640595,0.10796311063798862,0.15795875600467488,0.20948223006623823,0.25426624084597255,0.29284818380416394,0.3250590945001398,0.3453938571715165,0.35318548031190294,0.3501411596707683,0.3342236827373558,0.306669683643349,0.27100536728022795,0.2270595926422398,0.17906225684158913
-0.1106082183179555,-0.05742587838629548,-0.0023138543828091765,0.0515762037085817,0.10167594709153308,0.1460394013006538,0.17942583294225203,0.20402633906442183,0.21753403502325325,0.2198382479250382,0.20861900347685097,0.1872492768654335,0.15780023719504727,0.12060890578464294,0.07682271991995354,0.041233582295079195,0.010213213173405511,-0.03207749330405438,-0.06946853891349011,-0.09918133228255042,-0.120747474432571,-0.12959217481800686,-0.12910300840041544,-0.11675810973180559,-0.09424673220787379,-0.06077889918341443
-0.034181556398300394,-0.06739259778075625,-0.10319414484329222,-0.14423332217775203,-0.17884677260776516,-0.20748678767683093,-0.2263010970913546,-0.23419704285461046,-0.23068546375285304,-0.21629239032330255,-0.1896339520739635,-0.15503075326448892,-0.11170772319089546,-0.06376573393782287,-0.014014642302238228,0.03576082552824796,0.08360633873939535,0.12458370312969758,0.15881432994371414,0.1813249600298495,0.193285738373542,0.19355895121978842,0.18045408302908167,0.15832922233045332,0.12375981556870605,0.0816526124616919
0.0099767165064001,-0.02998588643477567,-0.07690981722127366,-0.14139584332655675,-0.18300745036210386,-0.21844922637081954,-0.2448388472890892,-0.25959665751152167,-0.26619814959086735,-0.2607318886653197,-0.24166403082066537,-0.21373538126557384,-0.17496394280747557,-0.12895074393921854,-0.07647244245703967,-0.02248007808036352,0.03290296081902899,0.08421484310985958,0.13127903449384123,0.16868587107186508,0.19638411912811876,0.21383416241758013,0.22072590383472698,0.21388053240955046,0.19612270542439103,0.16896414861250786
0.09380215095424638,0.08237648105476265,0.059470731205809986,0.02626566415888764,-0.01361526858025198,-0.060329445236804065,-0.11219262070699532,-0.16486591760245467,-0.2119092699531506,-0.25659215934550145,-0.295039221517713,-0.32364020774215374,-0.3392522952481247,-0.34483480534936095,-0.33898963566807894,-0.319578976676386,-0.29120547927897567,-0.25244257947510584,-0.20756288080760732,-0.15820023375304545,-0.10833738694062497,-0.05829546676694915,-0.013261229450685906,0.02587875645083443,0.055469594721962036,0.07657936205296423
0.16449556982845745,0.16838011883861062,0.1595723792565538,0.14130388755697743,0.11247760958560725,0.07694775249232715,0.03481039678612464,-0.0048392034809797875,-0.03170646939088283,-0.07372349420900053,-0.11293770656253653,-0.1455673633439247,-0.16786400053681944,-0.18115526947642296,-0.18166799626119948,-0.171167528511295,-0.15061933537145597,-0.11921542315313922,-0.07965468173008176,-0.03404262488443904,0.016344625912824078,0.06707080803370143,0.11637922453068114,0.15847166648356023,0.19684666975675819,0.22465371715396848
-0.22630167641707874,-0.24188091677817344,-0.2444529842679,-0.2356940861048031,-0.2163026317598115,-0.1870081248953877,-0.15110400468173105,-0.11030567876941506,-0.06693993271719977,-0.02422380176722641,0.015592879201720982,0.05129042869255522,0.07779309738794825,0.09361028242216146,0.09930980931050769,0.09129845351887482,0.07306374701223317,0.04372473413262237,0.003087367835326188,-0.04341706541499254,-0.09594226179367708,-0.1523285676219558,-0.20626174769685957,-0.2586127217402084,-0.3061939722468095,-0.34538453319968643
-0.1096567599931017,-0.07719975655541353,-0.03871834591259239,0.0037794901789926245,0.04790968773617061,0.08976444342969672,0.12702157155706248,0.1605452694729838,0.18298412750098417,0.19436002536132146,0.19660366516990724,0.18606785257453126,0.16410615446266627,0.13347159976000272,0.09141981515580354,0.045549353400354875,-0.004907685442405933,-0.0571764413580766,-0.1061908731986626,-0.14972531570481165,-0.18867696619802507,-0.21827958167000028,-0.2371377095575454,-0.2423065965500712,-0.23696410881544616,-0.21962615524449416
0.13654122023171755,0.14530970845386773,0.1417372356330881,0.1287984742839646,0.10310402590851768,0.06675046832325025,0.025625740130910134,-0.023245722992725728,-0.0747654014231426,-0.12627049597365356,-0.1737950526349746,-0.2176134969960377,-0.2524562660504651,-0.2774107852439747,-0.29119065010260664,-0.29299580813137327,-0.28306292520902593,-0.26125224570699773,-0.22971420258698627,-0.1887655003087998,-0.1423848664931241,-0.0927097796490083,-0.04196272560560071,0.006567079341729499,0.050544306491043176,0.08782554539024137
0.24970848500048018,0.2761529659077895,0.29309509311551984,0.2971702752747031,0.28932134558061395,0.26943931608071625,0.2401269164828395,0.19947617929539058,0.154632624114261,0.10440687750013437,0.052719566502122825,0.0032804021594671036,-0.042411861697035744,-0.08178529358401085,-0.11307020294601884,-0.13256601756331293,-0.14028059810613286,-0.13808257277148375,-0.12426185297169465,-0.10073555989779698,-0.0681308427387308,-0.02911038060775564,0.013328851646775252,0.05737413944172319,0.09954090710489703,0.13659660555213746
-0.16443190500700922,-0.10902246161038992,-0.05672154103849972,-0.005113518817056319,0.04009113437041932,0.07605846279703142,0.10333947437916488,0.11793152541428012,0.12188545056987686,0.1127803247683846,0.0928060956300729,0.06380668986454897,0.027497787239777142,-0.014391150983581848,-0.059153331532679175,-0.10241290726190182,-0.1449985243711025,-0.17981942355863756,-0.20585780813844615,-0.22354177562999597,-0.23045457919712717,-0.22525425032978802,-0.20763025788660908,-0.18152823553643188,-0.14470961269381014,-0.1017761138663129
-0.12596484533315333,-0.07781951887107012,-0.027322593235908924,0.023674573876767895,0.07194024910768833,0.1133324223173935,0.14692477403138937,0.1719398784660381,0.18491255099756895,0.18710078584054032,0.17761408994417197,0.1564831327541788,0.126298412795935,0.08918487046804016,0.04845897430990834,-0.013487658618600221,-0.06467008227281672,-0.10164415268812264,-0.13158385274322207,-0.1525559736444674,-0.16330126499005865,-0.16290815015862767,-0.14855741204237244,-0.12338473886811607,-0.08885931643276293,-0.046129781635589846
0.1092180246184274,0.07944446317843704,0.04319208622209976,0.0013962702618866227,-0.03967152806496129,-0.07933899553644175,-0.11882491326022965,-0.15543453959459502,-0.18378908025370688,-0.2033544420960025,-0.21031928528499222,-0.20713906877857244,-0.18963421304725572,-0.16410973758921268,-0.12591894960879574,-0.08066231016248256,-0.02899239474804858,0.025331757920466314,0.07964136518859583,0.13098454774420193,0.17798314562879175,0.21810168509284472,0.24924133956985478,0.26769917117159264,0.27557397761982605,0.27003093037614384
-0.2349209215591782,-0.18300839709503477,-0.1283534058532658,-0.0748069234131892,-0.021410857300965192,0.0239638970157644,0.06322233017849604,0.09209179404952701,0.1105391352036708,0.11755410263532853,0.112052759476716,0.09565281832623164,0.06728723434929493,0.03505323351977162,-0.006583849096263659,-0.04900256898184079,-0.07717376543203198,-0.11812139794305271,-0.1575851165424594,-0.1899519920775767,-0.21521234702156775,-0.2305380486809188,-0.23457240193466952,-0.22643892788253364,-0.20792530034508677,-0.17862177618005587
0.25426624084597255,0.29284818380416394,0.3250590945001398,0.3453938571715165,0.35318548031190294,0.3501411596707683,0.3342236827373558,0.306669683643349,0.27100536728022795,0.2270595926422398,0.17906225684158913,0.12687876530910022,0.07635476441083625,0.028353460556922373,-0.011633329801994248,-0.04629024352088116,-0.07018832386000881,-0.0837364133266783,-0.08430944607570767,-0.07391730878417235,-0.05396531841305441,-0.023441838578562236,0.01338310219187903,0.05532680276249431,0.09853899092711542,0.1414246702401223
-0.22171902822891357,-0.23015756698427686,-0.22662603479307702,-0.21085530780220435,-0.18573904383527512,-0.1505462274940734,-0.10833174209617108,-0.059455490481314335,-0.009978657751127244,0.04046985501627298,0.08917741024569237,0.12873220127219237,0.16283170044794743,0.1852610407272648,0.19852709624582862,0.1970029176185211,0.1853652462060914,0.16113403524192632,0.12812081389075278,0.08711232537911498,0.038962612108442235,-0.01180393748828078,-0.0634603160968765,-0.11251737857270779,-0.15536908307688083,-0.1915697600139747
-0.18550195930211852,-0.19288804255198858,-0.1883707597814873,-0.17183286128431158,-0.1448556817109365,-0.11119352464217963,-0.07146504488343078,-0.0282002377359632,0.014202886231894002,0.05683303333757345,0.09288076166836544,0.12199264063338496,0.14080529320685722,0.14951797928934962,0.14691971113972746,0.1326798095638404,0.1073657815762086,0.07068149438086598,0.029246030109529503,-0.01801319826936203,-0.07476266419626018,-0.13555565749877366,-0.1827416925289071,-0.22313391494187218,-0.25525547515370844,-0.27759738284663127
0.013948882291075606,0.0571545326046534,0.09902627837118763,0.1424290786778076,0.18108847070715262,0.21325429925417194,0.23675299766773508,0.2503986408509861,0.2521811015910025,0.2412345045316999,0.21894438179177347,0.1861212763275001,0.14478278607896852,0.09579713360947038,0.043363119140177465,-0.013143283523585009,-0.06880667150881216,-0.12021408823645785,-0.1642596083804662,-0.20038567617777392,-0.22628233327722513,-0.24134752839699006,-0.24379659909546847,-0.23345492685758054,-0.2153401518611255,-0.1865394322508451
0.01818737593581382,0.04774639235040182,0.06469747471607432,0.06912311436300718,0.06375328409381936,0.04643135586191459,0.018959315937177867,-0.016091453971487736,-0.056580948292800776,-0.10074223155501152,-0.14535283886083517,-0.1870538953806882,-0.22329851300901474,-0.2532029622761142,-0.2728737042447435,-0.2809400349282341,-0.27784631353178857,-0.26500244633496267,-0.23989884141915124,-0.20473207710205404,-0.16128572867566823,-0.11457955443143632,-0.06503713335808743,-0.012802987855815821,0.03397874610281934,0.07550895986921059
-0.03752245286373723,-0.019372984764981997,-0.01321357422916643,-0.01964116708427224,-0.03476878782566272,-0.060213772441522456,-0.09460367404758475,-0.13401120805477626,-0.17725618517029365,-0.2137622043615537,-0.2558998519562724,-0.29479729083912615,-0.3272739754701153,-0.35147030897908693,-0.3629150778340054,-0.363551359184743,-0.3525135452978572,-0.330745845920456,-0.29764270219793865,-0.25594001128609534,-0.20669783267930322,-0.15234138109678708,-0.09763453196293248,-0.04583833059613254,0.00563689067913994,0.048357678858804744
-0.13295239989858304,-0.07896486984443689,-0.023803528531829394,0.02993869357562878,0.07699355361987403,0.1161546751002044,0.14560123669631395,0.16491232563844221,0.1731089118397899,0.16845160109486199,0.15340654594526762,0.12647517784256027,0.09289524436509114,0.05127597522900041,0.00798536381862529,-0.03589816939447909,-0.07841472425825786,-0.11621764751078605,-0.14735614461599109,-0.16749969697877085,-0.17649526050444583,-0.17697187536617334,-0.1638190050663801,-0.14130062486607048,-0.10871473522766177,-0.06653327387491804
-0.3853693045252268,-0.39715839000420733,-0.39646846910894873,-0.38391735000307964,-0.36093527254279206,-0.3290693055514775,-0.2902645883065677,-0.24891191514602815,-0.20524447969966103,-0.16377983484151937,-0.12440564018831181,-0.09329963453169354,-0.06931733054505282,-0.05582898495755427,-0.05575163245338151,-0.06762433560194905,-0.08905437444128154,-0.12042401733291742,-0.16056511282623437,-0.20608428958695893,-0.2593430905906403,-0.3226994177654834,-0.37194613049261677,-0.41517358540162463,-0.4519673044312386,-0.4772528060150513
0.06929160791474621,0.027481429645816086,-0.010475188053208222,-0.04219297924729306,-0.06373494663688628,-0.0746052030202118,-0.07512782392595645,-0.0633889771741655,-0.039654581857187884,-0.007556937470615603,0.032664916810192283,0.08007205063911865,0.12904238500399862,0.17997653578582415,0.22993406610523964,0.2713852925092769,0.30776843698525574,0.33538079219535244,0.34985056829663735,0.3535255187809568,0.34483490213223533,0.32402367149791667,0.2919790953658038,0.253410112603134,0.20667620335695702,0.1566825871989158
-0.14894574713711306,-0.1153802509266533,-0.07575904102892086,-0.03314240834667504,0.011021277431384516,0.05344396141299958,0.08867249030138816,0.11727419665015902,0.13654122023171755,0.14530970845386773,0.1417372356330881,0.1287984742839646,0.10310402590851768,0.06675046832325025,0.025625740130910134,-0.023245722992725728,-0.0747654014231426,-0.12627049597365356,-0.1737950526349746,-0.2176134969960377,-0.2524562660504651,-0.2774107852439747,-0.29119065010260664,-0.29299580813137327,-0.28306292520902593,-0.26125224570699773
-0.031684142867583906,-0.03849311131755155,-0.03466139175841415,-0.01940046086855852,0.005872752070346067,0.03968665757922803,0.07965102892037036,0.12331024156274542,0.16673919706876633,0.20783610372392344,0.2444339238106183,0.2733891708333178,0.294469564388943,0.3039082398011023,0.3009860756767175,0.28639952665415963,0.26079077992986643,0.22463711564051445,0.17925814352931463,0.12854188126016847,0.0739341293609028,0.01756679556251262,-0.0363110380724352,-0.08539664731536815,-0.12782392477880342,-0.16031480521507965
-0.06094046021411937,-0.036717231630522595,-0.021454053363205987,-0.019325014149446904,-0.027653940385995036,-0.046660518982072796,-0.07564586256852002,-0.11239153192426524,-0.15462488616578773,-0.21327587433812412,-0.2663858130517167,-0.3048808845093316,-0.3349987933636335,-0.3565380280707234,-0.3677741677458015,-0.36748217149124507,-0.3548734613625445,-0.3314344293266618,-0.2972244767309906,-0.25546447064403516,-0.20603570501657953,-0.15188481327479103,-0.09711321961800477,-0.04415469985969139,0.005765185770799625,0.04717423937054214
-0.2410712074467837,-0.22189764121426397,-0.19337955550737046,-0.15885582482410018,-0.11768707143746188,-0.07362698670722101,-0.030614177739009946,0.009266377973335517,0.044727589379389754,0.07053802845456562,0.08728327495453697,0.09475103628638469,0.0895105924789477,0.07283494041306926,0.04382296412396166,0.007788240777310463,-0.0368303425117618,-0.08551207370581876,-0.13941993602918684,-0.188449949516934,-0.23513507808997858,-0.2766542662197988,-0.3113046389161908,-0.3324417950433803,-0.34337024052004866,-0.3433531333258395
-0.08187877782685814,-0.13559638382230407,-0.18510509730122088,-0.23190537997319433,-0.2739228413626026,-0.3091282515804721,-0.3312674947565855,-0.3429816623883906,-0.3437714460303989,-0.332328174780305,-0.3084174305742433,-0.2759385495378568,-0.23352134295415772,-0.18694617229326807,-0.13703578374578615,-0.08626608734362146,-0.038531315925961616,0.005022288914133334,0.03949050533711456,0.06583288069919463,0.08077996546523884,0.08480262120041854,0.07606728804456642,0.057766559952884496,0.030274814832272318,-0.006906796986392528
-0.21011467381504045,-0.26269588083518625,-0.310820855531858,-0.3562776849027087,-0.39419717438887025,-0.4218310738916855,-0.44174994507513965,-0.447216858126309,-0.4416672261912524,-0.42499113215044887,-0.3956692092012691,-0.3573952644361311,-0.31326597426084657,-0.26453783222117816,-0.21302369013328643,-0.16311310022154768,-0.11793550685020521,-0.07894567780915346,-0.04935222830097761,-0.028838746381556746,-0.019589946997797026,-0.020827168669016523,-0.034851771605550926,-0.058107236707830544,-0.09034873232437715,-0.13031125581749753
-0.008096715891800657,-0.059728384325633564,-0.1092672300075885,-0.15257837756943624,-0.18920386712595677,-0.21711322216060183,-0.2340615995312577,-0.2390063728233506,-0.23363893406897376,-0.21702045836402528,-0.189528475269277,-0.15545589885600877,-0.11591518121533013,-0.07191055508049113,-0.027615731265009928,0.01405858597067678,0.049027370219575234,0.07719596322477336,0.09500150261813546,0.1026324946369369,0.09885670722212647,0.08318755540594805,0.055601941832797395,0.017182794036492116,-0.0288117581383712,-0.07919573807155178
-0.21491704827723507,-0.209957311325132,-0.19416433106154568,-0.16538818439072495,-0.1290124637847831,-0.08385863291028167,-0.031639633371539126,0.022254387490728268,0.0767656280595503,0.128273484738847,0.17524282356647422,0.2150395834450657,0.2445622288234946,0.26360714725523143,0.27072064782822525,0.26759112018377457,0.2506352565823372,0.22531790239845195,0.1905056157266167,0.14989094993054852,0.1070345454552124,0.08041288025077112,0.03986439032461061,-1.5078526249296995e-4,-0.03339942442418605,-0.060089168377787563
0.03594912670244917,9.607966404116283e-4,-0.04023476280700577,-0.07663179093846186,-0.10484470966616104,-0.12354799409758324,-0.13023966111292368,-0.12736557372020063,-0.11291515940832979,-0.08785023927182876,-0.05281840915210423,-0.009139733901494997,0.03878695356115459,0.08848801788268966,0.138980129774486,0.18651929327934239,0.2267737781725601,0.26078721640247277,0.28308064633008345,0.2961272005045777,0.29598244165519894,0.2830242596713762,0.2604733517662429,0.22636932259345008,0.18437261367782815,0.1373781049309398
-0.20356651526625869,-0.2405826952717704,-0.26772242464296075,-0.283821459106246,-0.2891110317459908,-0.2813804104838704,-0.2624791927827941,-0.23351905702239045,-0.19538584695339017,-0.1495740440802585,-0.09956662497550862,-0.048222621224384525,1.051535542543784e-4,0.0440480445026836,0.08296046958906989,0.11291248168496645,0.1328461701020806,0.14057356082266995,0.13693264925191204,0.12232584284325479,0.09693945080615031,0.06506366578256506,0.025476182403385655,-0.01714174440974044,-0.055423513588263584,-0.09706946737760985
-0.21176522604709183,-0.25734707255737865,-0.29648627408892403,-0.3239013502651496,-0.34149817729542276,-0.34675192014999606,-0.3406147600254956,-0.3222482463931261,-0.2955843290094071,-0.25975352215497827,-0.2195739425778597,-0.17501347909517356,-0.13258481895387722,-0.09168830286890912,-0.05620729453205694,-0.028755872929083,-0.010528131577092871,-0.00453673442079919,-0.008864767158497192,-0.025400720166590757,-0.05217492170281283,-0.08729306465408886,-0.13235825134522677,-0.18212217511923184,-0.24125765339411748,-0.29657529476938427
-0.05523608846542136,-0.06667315987994923,-0.08708647079225701,-0.11779425784051886,-0.15757325769590033,-0.20261683454139823,-0.2549682798234508,-0.31859594958138054,-0.3686897053873216,-0.41221675409118447,-0.4498198731887021,-0.4757381680475292,-0.49032539659525853,-0.4942158470605943,-0.48619196065187115,-0.4662695634700835,-0.4364043663361959,-0.39694204095769103,-0.35207358576643694,-0.30261506367538415,-0.25030383379165494,-0.20232983154522338,-0.15759907679714433,-0.12043922490835876,-0.09104193192685849,-0.07311171055551328
-0.18430615563874575,-0.16569777319966736,-0.13608604966179264,-0.10039687022186633,-0.05845465311125462,-0.01415379725439551,0.028023592557236778,0.06879929521914539,0.10305935317637108,0.1285823180175312,0.14466407744627693,0.14948031342579643,0.1436100055707965,0.12530915331980705,0.09450371525888665,0.05516009948792174,0.007895969573156802,-0.044087112712232174,-0.10063908764794129,-0.1558086502704736,-0.20830660395805187,-0.2542950375929627,-0.29401581141471456,-0.3223177695100596,-0.3406309983020829,-0.3466570619077294
0.17339696862579507,0.14024176698785534,0.09874028914687896,0.05595745402051469,0.028657254097403287,-0.01108956960492238,-0.051247212781158506,-0.08529254401098364,-0.11164502420457276,-0.1265065090908856,-0.13051666808847406,-0.12440248886645952,-0.10682550583279027,-0.07870254534830116,-0.0413049532409484,0.004441927261520342,0.05286231777273781,0.10291106486750172,0.15281173491707292,0.1993704466674966,0.2372241670247873,0.2679322123904871,0.28821407701025187,0.29707076792552867,0.29388449003206046,0.27734472727131815
-0.028920867470867903,0.013273534220490098,0.04584684049016773,0.07036325178632485,0.08218380773960914,0.08431169034989713,0.07262662675756644,0.05260551829501395,0.02319084266455199,-0.015437539224428538,-0.057962340211999905,-0.12044044922077941,-0.16860298276701186,-0.2069871975450398,-0.23626266507127308,-0.2557670636376135,-0.2647846319192008,-0.26463373499115106,-0.24947927001052167,-0.2250931559992605,-0.18925651607726554,-0.14661918455545608,-0.09546184656856989,-0.04197022660747037,0.013391818227686448,0.06615998822029531
-0.009181696545524547,-0.004396358674966714,-0.010672720957166147,-0.028572969078903616,-0.056661600928774196,-0.0931780570950043,-0.1393179551554992,-0.1894296732190478,-0.2504139611487937,-0.30331846080840996,-0.34767443724675223,-0.38691429867086785,-0.41668447200127884,-0.4356594526766574,-0.4435404716789124,-0.4373499113379201,-0.4219495432190793,-0.39389115035839023,-0.35738993170188676,-0.31393379101896485,-0.26462724021533884,-0.2138763545985621,-0.16465353835627058,-0.11973108094914757,-0.0798292518514459,-0.046580142030845074
-0.2923840686012379,-0.25568575311412106,-0.2137603229688188,-0.1713003699078152,-0.12833720387576109,-0.0872318161645059,-0.05345249606190869,-0.02833210928258895,-0.013352922422527818,-0.009125514291441516,-0.015676778800741205,-0.034517121664034076,-0.06378902127648894,-0.10168707602274811,-0.14625542109046424,-0.19550976730247535,-0.2475096998884961,-0.29758693237642053,-0.34401815979506556,-0.38416196786299467,-0.414663452388791,-0.4375308643672104,-0.44690794653334753,-0.4441783456663548,-0.4307174514920627,-0.4054030936463358
0.06111522310344441,0.018882147586135614,-0.03041028772235849,-0.0822187446959724,-0.13350231770152754,-0.18009706123228547,-0.22330768106202015,-0.25660470539509306,-0.28018044343488285,-0.292237160050271,-0.29214590036718063,-0.2805844280862966,-0.2573545485709043,-0.2243542472593004,-0.1823880597481194,-0.13555760018072105,-0.08546969066820653,-0.0347495756581285,0.013056047696157577,0.05661091427709527,0.09204250165029944,0.11786821485963134,0.13225404644021782,0.13638442858861713,0.128457978951486,0.11003267816251136
0.25023702920326796,0.24333472598769182,0.2235494908945036,0.19300288334248325,0.15377439138083773,0.10824641210440492,0.05923590084610104,0.0057477688273522495,-0.04538785727426808,-0.08903693543422642,-0.12883904280463374,-0.1592318456878052,-0.17809733448817686,-0.18897900434632903,-0.1849562702801372,-0.17159355199571705,-0.1469940933353605,-0.1153003933614604,-0.07513379156934388,-0.03291775916171716,0.011716095859102507,0.05332504652225744,0.09011314974718874,0.12006376486873867,0.14280317691996608,0.1533661690668985
-0.2971070030735407,-0.2515803082013428,-0.2027980211480676,-0.15338982526344236,-0.10384299851839957,-0.05784128831083324,-0.019115824975244545,0.009267652438163864,0.029515554593698114,0.03786552777502026,0.034451533189265394,0.019532014208369634,-0.0052638453942948984,-0.03820909506203986,-0.07645461098282992,-0.1201691234234898,-0.15785959330744145,-0.1986620805441364,-0.238268914522348,-0.2708916979829239,-0.2959771513178707,-0.3105026311705498,-0.3125815104154045,-0.3043526987974131,-0.2844120502545289,-0.25203816562147274
0.09439162590127817,0.0993416410482559,0.09157334816946107,0.07088775955477172,0.042169994647052754,0.003849169596112275,-0.042243113606267896,-0.09223641880255702,-0.15641184933418298,-0.2066240605477364,-0.25155340287469774,-0.2896458492564631,-0.31804637516451606,-0.33496193717432365,-0.34018898850905077,-0.3346194157487431,-0.3153617379661072,-0.28686403092025853,-0.2502990796344644,-0.20437134896398546,-0.15464741819427044,-0.10448577653744442,-0.05628913919880523,-0.009895964032418112,0.029533599527289144,0.05861532796051287
0.11198163243680816,0.06869401212672054,0.019872995584177232,-0.030624056443753742,-0.08277590086900073,-0.12986309870663523,-0.17137223088834394,-0.20498527979979203,-0.22921313345338887,-0.24309000385005958,-0.2439423778783878,-0.23360601237408526,-0.21247344065538132,-0.18255327229492682,-0.14530304079323975,-0.10416962268681139,-0.06090758888102723,-0.018260170285822278,0.021048064615981434,0.05579363966863887,0.08047246336845498,0.09531439876785673,0.09901318682225152,0.0891179424532497,0.06984250154165507,0.038396484926159484
0.16214683328371346,0.19906556224623717,0.2268551548928508,0.24528636876498014,0.25031008219851103,0.2451206955536591,0.2271768584780596,0.1978872040028404,0.15984410096585075,0.11501572200879616,0.06657504204726604,0.01333369268277331,-0.038641166502114674,-0.08285871563970518,-0.12370767202566975,-0.15563736226753475,-0.1756431480151103,-0.18846801469545107,-0.1862047385723649,-0.17415484081649818,-0.15090023187021817,-0.1204574928721788,-0.08102400804559068,-0.03918118313120885,0.005464099427432108,0.04750582538754022
-0.06880758762150824,-0.10394425248831123,-0.14540796142413723,-0.1988723736259436,-0.2568182368504612,-0.2974021636930676,-0.32922871606191495,-0.3526834414231643,-0.36637232500719324,-0.3686637944766214,-0.3585581384341794,-0.337222366725637,-0.30531119323987616,-0.26524288729585027,-0.2170190530292087,-0.1636313087304353,-0.10873008450334684,-0.055800172462365696,-0.0038384024480040036,0.03865027482086006,0.0747739913261054,0.0995874015513464,0.11491172876599998,0.11691383543372767,0.10716148322972155,0.08684831752611889
0.035724711671754276,0.00495191476899135,-0.03282838729985302,-0.07542316761312902,-0.11978696647364762,-0.16381639090919337,-0.2033123523753929,-0.2373678948846441,-0.26294608265151775,-0.27772297934241297,-0.2809784351444553,-0.2737311062824034,-0.2553447351358596,-0.22618233559468742,-0.18672364811013742,-0.1418860198206802,-0.0935299549625673,-0.04222132618270432,0.007688373036568732,0.05257950246514498,0.09036198941818051,0.12080717317397024,0.14045325237937192,0.14838275831468217,0.14320052698450667,0.1267117203851716
-0.0023611022560751714,-0.03935415468783974,-0.0834701643470345,-0.13210077443742865,-0.19270846976702588,-0.24935429362824096,-0.2941698032796023,-0.33346128975590955,-0.3640198020408685,-0.3839117886722843,-0.39107711752477703,-0.3872178774256392,-0.3721049649029077,-0.345553300171319,-0.30915431172283436,-0.2647586370334221,-0.21730149377087776,-0.16739128036781684,-0.11747210828326698,-0.07065469376917716,-0.02927768253174548,0.0023663231384558644,0.02440293402672847,0.03713379223007504,0.0361732230041455,0.02501146654163755
0.13089281172037348,0.09829629325650792,0.05730849527096468,0.01434421356961205,-0.02985088117687999,-0.07223073590359122,-0.11133733817617573,-0.14350787847873128,-0.16537794007413315,-0.17574031887479938,-0.17782354673980982,-0.16639524356304009,-0.14488650456545699,-0.11409416582113602,-0.07282703609316349,-0.025420302313592213,0.024339407034697606,0.07453319919204385,0.12418109586509438,0.16789372982145134,0.20375883979928266,0.23007691946824652,0.24682386190827763,0.25023702920326796,0.24333472598769182,0.2235494908945036
-0.1194565710176918,-0.08934272553998449,-0.06672593965247356,-0.05483956418646153,-0.057027453531761134,-0.0697943001421586,-0.09306429104802694,-0.12575998425747204,-0.1666105835105838,-0.21320906877114437,-0.26848909317491215,-0.3302909190133166,-0.37839711277310967,-0.42106329426571976,-0.4561389064188708,-0.48014587353411353,-0.49175182371614834,-0.4934824091096224,-0.4831227903317823,-0.4604827739076651,-0.4289466175149494,-0.38735062509053975,-0.34205166150423444,-0.291367833944881,-0.23966586807673793,-0.1926057172269112
-0.12268819157383434,-0.09295564468561571,-0.07390327225684691,-0.06593158624076818,-0.06843977671980664,-0.08330992658879738,-0.1077794261275448,-0.13972423499315084,-0.18026157089773986,-0.22194997126896354,-0.2613446421217159,-0.3016196137817975,-0.3406748498606925,-0.3741987025346753,-0.3987598063943311,-0.4123858944113194,-0.415283908442224,-0.40747080279671105,-0.3864104628784041,-0.3546884967181486,-0.3146969804301126,-0.26474294594269665,-0.21271025343094502,-0.15722028371958166,-0.10281694455312722,-0.05238934318284345
0.07618470845554388,0.035645240440771185,-0.011078684829250418,-0.06550238946713641,-0.12793537279550943,-0.17644600954591724,-0.21774023434601852,-0.25138640352020863,-0.27516158231085674,-0.2868886023860549,-0.2877510518904206,-0.2756659061087926,-0.25329091272331755,-0.2210084055580796,-0.17968961534276331,-0.13235411463098656,-0.08090398050804125,-0.030206379261821736,0.0159745403509109,0.05903305338954938,0.0945775347030932,0.1210532746652315,0.13675559611810142,0.14114515331328656,0.1327704695544783,0.11464854132338675
0.21893596010036864,0.24060284771165466,0.2519879807985062,0.2507086738407758,0.2372167454597547,0.21299240303462583,0.17809576604679803,0.13434880810433533,0.08493957009309412,0.03175656671015749,-0.025521059228140335,-0.0803179165019573,-0.13032458551657986,-0.17270572471049978,-0.20705110114438022,-0.22996874429409386,-0.24316621043980013,-0.2425939234797897,-0.23013811261842373,-0.21018077103913682,-0.1790162355106445,-0.1406002844370708,-0.09798295718899326,-0.05436500919763366,-0.011123184160689208,0.02737193524874344
-0.05620729453205694,-0.028755872929083,-0.010528131577092871,-0.00453673442079919,-0.008864767158497192,-0.025400720166590757,-0.05217492170281283,-0.08729306465408886,-0.13235825134522677,-0.18212217511923184,-0.24125765339411748,-0.29657529476938427,-0.3414512628472234,-0.38198211419020067,-0.4129617295909812,-0.4336876216310833,-0.4433513642654945,-0.4388050520189506,-0.4249894278292321,-0.39830782440714657,-0.3632328402929891,-0.3204508016566855,-0.2718300277134329,-0.22120707220434482,-0.1714367183343069,-0.12581588262748378
0.10206176605919236,0.12853661610452163,0.14414171081623822,0.15052286290271194,0.14323044294721088,0.12683780712634263,0.09776630710099646,0.059568999313077506,0.0161303755090838,-0.032615587801313226,-0.09337674442094047,-0.15021280345521243,-0.19472935897696017,-0.23340445131377321,-0.2625390738129853,-0.2814332093439639,-0.2891573133378218,-0.28401432045871067,-0.2672936011454572,-0.24045867145996128,-0.20444515922806095,-0.15986023863252655,-0.11072988972905122,-0.058914063341291144,-0.00969808384839215,0.03474366151258055
0.26449720765232065,0.300845513422796,0.32855923277551996,0.34428197308792435,0.3491937189320668,0.3411138109141119,0.321240060686519,0.29066003923390393,0.25166873749480984,0.20685391269735645,0.15663521227497304,0.10424349954408542,0.05460887309991884,0.009359937298107388,-0.030534970563888073,-0.062023231580036496,-0.08136987772444872,-0.09085039052110644,-0.08673514310275504,-0.07300715069730389,-0.048328909933709516,-0.016613863225313694,0.023074089268569145,0.06600079823230215,0.10848922960963003,0.1513471098967925
0.1102178745322987,0.07412120788548474,0.03172166892843836,-0.0066342605626430046,-0.03471609217268677,-0.07656521128261673,-0.11561132369741603,-0.14740650305058686,-0.16920180760089576,-0.18157370834535175,-0.1812846981616262,-0.1699703957279281,-0.14878449763132565,-0.11663365238883276,-0.07666951330710685,-0.030392428243298353,0.01995275471270916,0.07060951603830357,0.11958124365651904,0.1614181278431467,0.1992810483665166,0.2261009842243152,0.24204248880885287,0.24557037860194167,0.23762294202289228,0.2179192616658872
-0.03486326438943839,-0.001327359467474797,0.021538359725698706,0.03634710688575465,0.036814972603829016,0.02743653198940493,0.006565816887800688,-0.02335419180912129,-0.059394096503220396,-0.10100297374713815,-0.1430033091990236,-0.17999137117999708,-0.22229634387046693,-0.2578281326690366,-0.2863983530094936,-0.30527030042237385,-0.3133073942859809,-0.30933297728420817,-0.2943165096887764,-0.26723589591134167,-0.22994778440220204,-0.18433387901336867,-0.13295239989858304,-0.07896486984443689,-0.023803528531829394,0.02993869357562878
0.1218264528332092,0.1567543414562468,0.1800517984909725,0.1927927380576956,0.19400365085822843,0.18171675404583548,0.16028224318170642,0.12659612339149012,0.08477869020712292,0.037878403499210477,-0.012433175755060895,-0.06432936273425816,-0.1137595638307466,-0.15736968904267523,-0.19412035849281178,-0.22160136632561253,-0.23962990073765278,-0.24483803471228593,-0.2384196128319983,-0.22152325398813008,-0.193739197289264,-0.15958995131034365,-0.11933762310603892,-0.07609681528155403,-0.032977298374015925,0.00717139224094483
0.15120559143649714,0.17953459594533586,0.19531515597084342,0.20114819555974442,0.19496940956525954,0.1779955691090375,0.14699484833735352,0.1080416468279093,0.06177165593332467,0.010046541864049583,-0.046155173618032654,-0.09929872805194008,-0.15252758774560832,-0.2008239114324768,-0.24068089214683844,-0.2704285984910304,-0.2882826070312515,-0.2948398131831239,-0.2898382106554475,-0.2740858418691895,-0.24847122608419303,-0.21450698890594702,-0.17430522858041242,-0.1299872379746321,-0.0864398680769805,-0.046077022124887436
